{
  "竞彩官方": {
    "initial_odds": [
      13.0,
      6.95,
      1.1
    ],
    "current_odds": [
      13.0,
      6.95,
      1.1,
      11.5,
      6.7,
      1.12
    ],
    "initial_probabilities": [
      0.0681,
      0.1273,
      0.8046
    ],
    "current_probabilities": [
      0.0681,
      0.1273,
      0.8046,
      0.077,
      0.1322,
      0.7908
    ],
    "initial_return_rate": 0.885,
    "current_return_rate": 0.885,
    "initial_kelly": [
      1.04,
      1.03,
      0.85
    ],
    "current_kelly": [
      1.04,
      1.03,
      0.85,
      0.92,
      0.99,
      0.87
    ]
  },
  "威廉希尔": {
    "initial_odds": [
      21.0,
      10.0,
      1.1
    ],
    "current_odds": [
      21.0,
      10.0,
      1.1,
      10.0,
      6.0,
      1.22
    ],
    "initial_probabilities": [
      0.0451,
      0.0946,
      0.8603000000000001
    ],
    "current_probabilities": [
      0.0451,
      0.0946,
      0.8603000000000001,
      0.09210000000000002,
      0.1534,
      0.7545000000000001
    ],
    "initial_return_rate": 0.9462999999999999,
    "current_return_rate": 0.9462999999999999,
    "initial_kelly": [
      1.68,
      1.48,
      0.85
    ],
    "current_kelly": [
      1.68,
      1.48,
      0.85,
      0.8,
      0.89,
      0.94
    ]
  },
  "澳门": {
    "initial_odds": [
      12.0,
      6.5,
      1.14
    ],
    "current_odds": [
      12.0,
      6.5,
      1.14,
      12.0,
      6.5,
      1.14
    ],
    "initial_probabilities": [
      0.0748,
      0.1381,
      0.7872
    ],
    "current_probabilities": [
      0.0748,
      0.1381,
      0.7872,
      0.0748,
      0.1381,
      0.7872
    ],
    "initial_return_rate": 0.8974,
    "current_return_rate": 0.8974,
    "initial_kelly": [
      0.96,
      0.96,
      0.88
    ],
    "current_kelly": [
      0.96,
      0.96,
      0.88,
      0.96,
      0.96,
      0.88
    ]
  },
  "立博": {
    "initial_odds": [
      13.0,
      7.5,
      1.12
    ],
    "current_odds": [
      13.0,
      7.5,
      1.12,
      9.5,
      5.75,
      1.2
    ],
    "initial_probabilities": [
      0.0697,
      0.1209,
      0.8094
    ],
    "current_probabilities": [
      0.0697,
      0.1209,
      0.8094,
      0.0946,
      0.1563,
      0.7491
    ],
    "initial_return_rate": 0.9065000000000001,
    "current_return_rate": 0.9065000000000001,
    "initial_kelly": [
      1.04,
      1.11,
      0.87
    ],
    "current_kelly": [
      1.04,
      1.11,
      0.87,
      0.76,
      0.85,
      0.93
    ]
  },
  "Bet365": {
    "initial_odds": [
      11.0,
      7.0,
      1.22
    ],
    "current_odds": [
      11.0,
      7.0,
      1.22,
      12.0,
      6.5,
      1.22
    ],
    "initial_probabilities": [
      0.0863,
      0.1356,
      0.7781
    ],
    "current_probabilities": [
      0.0863,
      0.1356,
      0.7781,
      0.0789,
      0.1456,
      0.7756000000000001
    ],
    "initial_return_rate": 0.9493,
    "current_return_rate": 0.9493,
    "initial_kelly": [
      0.88,
      1.03,
      0.94
    ],
    "current_kelly": [
      0.88,
      1.03,
      0.94,
      0.96,
      0.96,
      0.94
    ]
  },
  "Interwetten": {
    "initial_odds": [
      11.0,
      7.0,
      1.22
    ],
    "current_odds": [
      11.0,
      7.0,
      1.22,
      11.0,
      6.5,
      1.25
    ],
    "initial_probabilities": [
      0.0863,
      0.1356,
      0.7781
    ],
    "current_probabilities": [
      0.0863,
      0.1356,
      0.7781,
      0.087,
      0.14730000000000001,
      0.7656999999999999
    ],
    "initial_return_rate": 0.9493,
    "current_return_rate": 0.9493,
    "initial_kelly": [
      0.88,
      1.03,
      0.94
    ],
    "current_kelly": [
      0.88,
      1.03,
      0.94,
      0.88,
      0.96,
      0.97
    ]
  },
  "SNAI": {
    "initial_odds": [
      11.0,
      6.75,
      1.19
    ],
    "current_odds": [
      11.0,
      6.75,
      1.19,
      12.0,
      6.5,
      1.21
    ],
    "initial_probabilities": [
      0.0842,
      0.1373,
      0.7785
    ],
    "current_probabilities": [
      0.0842,
      0.1373,
      0.7785,
      0.0783,
      0.1446,
      0.777
    ],
    "initial_return_rate": 0.9264,
    "current_return_rate": 0.9264,
    "initial_kelly": [
      0.88,
      1.0,
      0.92
    ],
    "current_kelly": [
      0.88,
      1.0,
      0.92,
      0.96,
      0.96,
      0.93
    ]
  },
  "皇冠": {
    "initial_odds": [
      14.0,
      6.8,
      1.21
    ],
    "current_odds": [
      14.0,
      6.8,
      1.21,
      11.0,
      6.5,
      1.25
    ],
    "initial_probabilities": [
      0.0684,
      0.1407,
      0.7909
    ],
    "current_probabilities": [
      0.0684,
      0.1407,
      0.7909,
      0.087,
      0.14730000000000001,
      0.7656999999999999
    ],
    "initial_return_rate": 0.9570000000000001,
    "current_return_rate": 0.9570000000000001,
    "initial_kelly": [
      1.12,
      1.0,
      0.93
    ],
    "current_kelly": [
      1.12,
      1.0,
      0.93,
      0.88,
      0.96,
      0.97
    ]
  },
  "易胜博": {
    "initial_odds": [
      12.0,
      7.0,
      1.2
    ],
    "current_odds": [
      12.0,
      7.0,
      1.2,
      12.0,
      6.5,
      1.22
    ],
    "initial_probabilities": [
      0.0787,
      0.1348,
      0.7865000000000001
    ],
    "current_probabilities": [
      0.0787,
      0.1348,
      0.7865000000000001,
      0.0789,
      0.1456,
      0.7756000000000001
    ],
    "initial_return_rate": 0.9438,
    "current_return_rate": 0.9438,
    "initial_kelly": [
      0.96,
      1.03,
      0.93
    ],
    "current_kelly": [
      0.96,
      1.03,
      0.93,
      0.96,
      0.96,
      0.94
    ]
  },
  "伟德": {
    "initial_odds": [
      11.0,
      5.75,
      1.16
    ],
    "current_odds": [
      11.0,
      5.75,
      1.16,
      9.5,
      5.5,
      1.2
    ],
    "initial_probabilities": [
      0.08070000000000001,
      0.1543,
      0.765
    ],
    "current_probabilities": [
      0.08070000000000001,
      0.1543,
      0.765,
      0.094,
      0.1623,
      0.7437999999999999
    ],
    "initial_return_rate": 0.8874,
    "current_return_rate": 0.8874,
    "initial_kelly": [
      0.88,
      0.85,
      0.9
    ],
    "current_kelly": [
      0.88,
      0.85,
      0.9,
      0.76,
      0.81,
      0.93
    ]
  },
  "Bwin": {
    "initial_odds": [
      17.0,
      8.5,
      1.15
    ],
    "current_odds": [
      17.0,
      8.5,
      1.15,
      11.5,
      6.5,
      1.23
    ],
    "initial_probabilities": [
      0.0562,
      0.1125,
      0.8312999999999999
    ],
    "current_probabilities": [
      0.0562,
      0.1125,
      0.8312999999999999,
      0.0825,
      0.146,
      0.7715000000000001
    ],
    "initial_return_rate": 0.956,
    "current_return_rate": 0.956,
    "initial_kelly": [
      1.36,
      1.26,
      0.89
    ],
    "current_kelly": [
      1.36,
      1.26,
      0.89,
      0.92,
      0.96,
      0.95
    ]
  },
  "Pinnacle平博": {
    "initial_odds": [
      16.71,
      9.08,
      1.11
    ],
    "current_odds": [
      16.71,
      9.08,
      1.11,
      12.89,
      6.62,
      1.23
    ],
    "initial_probabilities": [
      0.0559,
      0.10279999999999999,
      0.8412999999999999
    ],
    "current_probabilities": [
      0.0559,
      0.10279999999999999,
      0.8412999999999999,
      0.0745,
      0.145,
      0.7805
    ],
    "initial_return_rate": 0.9338,