{
  "竞彩官方": {
    "initial_odds": [
      4.65,
      3.62,
      1.57
    ],
    "current_odds": [
      4.65,
      3.62,
      1.57,
      4.65,
      3.62,
      1.57
    ],
    "initial_probabilities": [
      0.1906,
      0.24480000000000002,
      0.5645
    ],
    "current_probabilities": [
      0.1906,
      0.24480000000000002,
      0.5645,
      0.1906,
      0.24480000000000002,
      0.5645
    ],
    "initial_return_rate": 0.8863,
    "current_return_rate": 0.8863,
    "initial_kelly": [
      0.82,
      0.87,
      0.92
    ],
    "current_kelly": [
      0.82,
      0.87,
      0.92,
      0.82,
      0.87,
      0.92
    ]
  },
  "威廉希尔": {
    "initial_odds": [
      4.0,
      3.75,
      1.85
    ],
    "current_odds": [
      4.0,
      3.75,
      1.85,
      5.5,
      4.0,
      1.62
    ],
    "initial_probabilities": [
      0.2365,
      0.2522,
      0.5113
    ],
    "current_probabilities": [
      0.2365,
      0.2522,
      0.5113,
      0.17329999999999998,
      0.23829999999999998,
      0.5884
    ],
    "initial_return_rate": 0.9459000000000001,
    "current_return_rate": 0.9459000000000001,
    "initial_kelly": [
      0.71,
      0.9,
      1.08
    ],
    "current_kelly": [
      0.71,
      0.9,
      1.08,
      0.97,
      0.96,
      0.94
    ]
  },
  "澳门": {
    "initial_odds": [
      4.8,
      3.72,
      1.58
    ],
    "current_odds": [
      4.8,
      3.72,
      1.58,
      5.3,
      3.6,
      1.55
    ],
    "initial_probabilities": [
      0.1877,
      0.2422,
      0.5702
    ],
    "current_probabilities": [
      0.1877,
      0.2422,
      0.5702,
      0.1697,
      0.24989999999999998,
      0.5804
    ],
    "initial_return_rate": 0.9009,
    "current_return_rate": 0.9009,
    "initial_kelly": [
      0.85,
      0.89,
      0.92
    ],
    "current_kelly": [
      0.85,
      0.89,
      0.92,
      0.94,
      0.87,
      0.9
    ]
  },
  "立博": {
    "initial_odds": [
      4.6,
      4.0,
      1.67
    ],
    "current_odds": [
      4.6,
      4.0,
      1.67,
      5.0,
      4.0,
      1.65
    ],
    "initial_probabilities": [
      0.2039,
      0.2345,
      0.5616
    ],
    "current_probabilities": [
      0.2039,
      0.2345,
      0.5616,
      0.1894,
      0.23670000000000002,
      0.5739
    ],
    "initial_return_rate": 0.9379000000000001,
    "current_return_rate": 0.9379000000000001,
    "initial_kelly": [
      0.81,
      0.96,
      0.97
    ],
    "current_kelly": [
      0.81,
      0.96,
      0.97,
      0.88,
      0.96,
      0.96
    ]
  },
  "Bet365": {
    "initial_odds": [
      5.5,
      3.75,
      1.61
    ],
    "current_odds": [
      5.5,
      3.75,
      1.61,
      5.75,
      3.8,
      1.62
    ],
    "initial_probabilities": [
      0.17,
      0.2493,
      0.5807
    ],
    "current_probabilities": [
      0.17,
      0.2493,
      0.5807,
      0.1649,
      0.24960000000000002,
      0.5855
    ],
    "initial_return_rate": 0.9349,
    "current_return_rate": 0.9349,
    "initial_kelly": [
      0.97,
      0.9,
      0.94
    ],
    "current_kelly": [
      0.97,
      0.9,
      0.94,
      1.02,
      0.91,
      0.94
    ]
  },
  "Interwetten": {
    "initial_odds": [
      4.3,
      3.8,
      1.8
    ],
    "current_odds": [
      4.3,
      3.8,
      1.8,
      5.25,
      4.0,
      1.63
    ],
    "initial_probabilities": [
      0.2212,
      0.2503,
      0.5285
    ],
    "current_probabilities": [
      0.2212,
      0.2503,
      0.5285,
      0.1807,
      0.2372,
      0.5821000000000001
    ],
    "initial_return_rate": 0.9512,
    "current_return_rate": 0.9512,
    "initial_kelly": [
      0.76,
      0.91,
      1.05
    ],
    "current_kelly": [
      0.76,
      0.91,
      1.05,
      0.93,
      0.96,
      0.95
    ]
  },
  "SNAI": {
    "initial_odds": [
      5.0,
      3.9,
      1.6
    ],
    "current_odds": [
      5.0,
      3.9,
      1.6,
      5.25,
      3.9,
      1.6
    ],
    "initial_probabilities": [
      0.18489999999999998,
      0.2371,
      0.5779
    ],
    "current_probabilities": [
      0.18489999999999998,
      0.2371,
      0.5779,
      0.1777,
      0.23920000000000002,
      0.5831000000000001
    ],
    "initial_return_rate": 0.9247,
    "current_return_rate": 0.9247,
    "initial_kelly": [
      0.88,
      0.94,
      0.93
    ],
    "current_kelly": [
      0.88,
      0.94,
      0.93,
      0.93,
      0.94,
      0.93
    ]
  },
  "皇冠": {
    "initial_odds": [
      4.9,
      4.1,
      1.68
    ],
    "current_odds": [
      4.9,
      4.1,
      1.68,
      5.7,
      4.0,
      1.61
    ],
    "initial_probabilities": [
      0.1956,
      0.23379999999999998,
      0.5706
    ],
    "current_probabilities": [
      0.1956,
      0.23379999999999998,
      0.5706,
      0.16760000000000003,
      0.2389,
      0.5935
    ],
    "initial_return_rate": 0.9586,
    "current_return_rate": 0.9586,
    "initial_kelly": [
      0.87,
      0.99,
      0.98
    ],
    "current_kelly": [
      0.87,
      0.99,
      0.98,
      1.01,
      0.96,
      0.94
    ]
  },
  "易胜博": {
    "initial_odds": [
      5.5,
      3.7,
      1.67
    ],
    "current_odds": [
      5.5,
      3.7,
      1.67,
      5.7,
      4.0,
      1.62
    ],
    "initial_probabilities": [
      0.17300000000000001,
      0.2572,
      0.5698
    ],
    "current_probabilities": [
      0.17300000000000001,
      0.2572,
      0.5698,
      0.16829999999999998,
      0.2398,
      0.5920000000000001
    ],
    "initial_return_rate": 0.9516,
    "current_return_rate": 0.9516,
    "initial_kelly": [
      0.97,
      0.89,
      0.97
    ],
    "current_kelly": [
      0.97,
      0.89,
      0.97,
      1.01,
      0.96,
      0.94
    ]
  },
  "伟德": {
    "initial_odds": [
      3.75,
      3.7,
      1.87
    ],
    "current_odds": [
      3.75,
      3.7,
      1.87,
      5.75,
      4.1,
      1.57
    ],
    "initial_probabilities": [
      0.2488,
      0.2522,
      0.499
    ],
    "current_probabilities": [
      0.2488,
      0.2522,
      0.499,
      0.1649,
      0.23120000000000002,
      0.6039
    ],
    "initial_return_rate": 0.9331,
    "current_return_rate": 0.9331,
    "initial_kelly": [
      0.66,
      0.89,
      1.09
    ],
    "current_kelly": [
      0.66,
      0.89,
      1.09,
      1.02,
      0.99,
      0.92
    ]
  },
  "Bwin": {
    "initial_odds": [
      4.75,
      4.0,
      1.68
    ],
    "current_odds": [
      4.75,
      4.0,
      1.68,
      5.0,
      4.0,
      1.63
    ],
    "initial_probabilities": [
      0.19940000000000002,
      0.2368,
      0.5638000000000001
    ],
    "current_probabilities": [
      0.19940000000000002,
      0.2368,
      0.5638000000000001,
      0.1881,
      0.2351,
      0.5769
    ],
    "initial_return_rate": 0.9472,
    "current_return_rate": 0.9472,
    "initial_kelly": [
      0.84,
      0.96,
      0.98
    ],
    "current_kelly": [
      0.84,
      0.96,
      0.98,
      0.88,
      0.96,
      0.95
    ]
  },
  "Pinnacle平博": {
    "initial_odds": [
      4.16,
      3.8,
      1.78
    ],
    "current_odds": [
      4.16,
      3.8,
      1.78,
      5.72,
      4.05,
      1.62
    ],
    "initial_probabilities": [
      0.2256,
      0.247,
      0.5273
    ],
    "current_probabilities": [
      0.2256,
      0.247,
      0.5273,
      0.16829999999999998,
      0.2376,
      0.5941
    ],