{
  "竞彩官方": {
    "initial_odds": [
      1.28,
      4.75,
      7.25
    ],
    "current_odds": [
      1.28,
      4.75,
      7.25,
      1.28,
      4.75,
      7.25
    ],
    "initial_probabilities": [
      0.6916,
      0.1864,
      0.12210000000000001
    ],
    "current_probabilities": [
      0.6916,
      0.1864,
      0.12210000000000001,
      0.6916,
      0.1864,
      0.12210000000000001
    ],
    "initial_return_rate": 0.8852,
    "current_return_rate": 0.8852,
    "initial_kelly": [
      0.88,
      0.88,
      0.91
    ],
    "current_kelly": [
      0.88,
      0.88,
      0.91,
      0.88,
      0.88,
      0.91
    ]
  },
  "威廉希尔": {
    "initial_odds": [
      1.5,
      4.4,
      6.5
    ],
    "current_odds": [
      1.5,
      4.4,
      6.5,
      1.36,
      5.0,
      7.5
    ],
    "initial_probabilities": [
      0.6363,
      0.2169,
      0.14679999999999999
    ],
    "current_probabilities": [
      0.6363,
      0.2169,
      0.14679999999999999,
      0.6881,
      0.18719999999999998,
      0.12480000000000001
    ],
    "initial_return_rate": 0.9544,
    "current_return_rate": 0.9544,
    "initial_kelly": [
      1.03,
      0.81,
      0.82
    ],
    "current_kelly": [
      1.03,
      0.81,
      0.82,
      0.94,
      0.93,
      0.94
    ]
  },
  "澳门": {
    "initial_odds": [
      1.31,
      4.9,
      7.3
    ],
    "current_odds": [
      1.31,
      4.9,
      7.3,
      1.31,
      4.9,
      7.3
    ],
    "initial_probabilities": [
      0.6912,
      0.1848,
      0.124
    ],
    "current_probabilities": [
      0.6912,
      0.1848,
      0.124,
      0.6912,
      0.1848,
      0.124
    ],
    "initial_return_rate": 0.9054000000000001,
    "current_return_rate": 0.9054000000000001,
    "initial_kelly": [
      0.9,
      0.91,
      0.92
    ],
    "current_kelly": [
      0.9,
      0.91,
      0.92,
      0.9,
      0.91,
      0.92
    ]
  },
  "立博": {
    "initial_odds": [
      1.4,
      4.8,
      7.0
    ],
    "current_odds": [
      1.4,
      4.8,
      7.0,
      1.4,
      5.0,
      7.5
    ],
    "initial_probabilities": [
      0.6704000000000001,
      0.1955,
      0.1341
    ],
    "current_probabilities": [
      0.6704000000000001,
      0.1955,
      0.1341,
      0.6818000000000001,
      0.1909,
      0.1273
    ],
    "initial_return_rate": 0.9384999999999999,
    "current_return_rate": 0.9384999999999999,
    "initial_kelly": [
      0.96,
      0.89,
      0.88
    ],
    "current_kelly": [
      0.96,
      0.89,
      0.88,
      0.96,
      0.93,
      0.94
    ]
  },
  "Bet365": {
    "initial_odds": [
      1.33,
      5.25,
      8.0
    ],
    "current_odds": [
      1.33,
      5.25,
      8.0,
      1.36,
      5.25,
      7.5
    ],
    "initial_probabilities": [
      0.7044,
      0.17850000000000002,
      0.11710000000000001
    ],
    "current_probabilities": [
      0.7044,
      0.17850000000000002,
      0.11710000000000001,
      0.6943,
      0.17980000000000002,
      0.1259
    ],
    "initial_return_rate": 0.9369,
    "current_return_rate": 0.9369,
    "initial_kelly": [
      0.92,
      0.97,
      1.01
    ],
    "current_kelly": [
      0.92,
      0.97,
      1.01,
      0.94,
      0.97,
      0.94
    ]
  },
  "Interwetten": {
    "initial_odds": [
      1.45,
      4.7,
      6.75
    ],
    "current_odds": [
      1.45,
      4.7,
      6.75,
      1.37,
      5.25,
      7.5
    ],
    "initial_probabilities": [
      0.6565000000000001,
      0.2025,
      0.141
    ],
    "current_probabilities": [
      0.6565000000000001,
      0.2025,
      0.141,
      0.6927,
      0.1808,
      0.1265
    ],
    "initial_return_rate": 0.9519,
    "current_return_rate": 0.9519,
    "initial_kelly": [
      1.0,
      0.87,
      0.85
    ],
    "current_kelly": [
      1.0,
      0.87,
      0.85,
      0.94,
      0.97,
      0.94
    ]
  },
  "SNAI": {
    "initial_odds": [
      1.38,
      4.9,
      7.0
    ],
    "current_odds": [
      1.38,
      4.9,
      7.0,
      1.37,
      5.0,
      7.25
    ],
    "initial_probabilities": [
      0.6762,
      0.19039999999999999,
      0.1333
    ],
    "current_probabilities": [
      0.6762,
      0.19039999999999999,
      0.1333,
      0.6835,
      0.1873,
      0.1292
    ],
    "initial_return_rate": 0.9331999999999999,
    "current_return_rate": 0.9331999999999999,
    "initial_kelly": [
      0.95,
      0.91,
      0.88
    ],
    "current_kelly": [
      0.95,
      0.91,
      0.88,
      0.94,
      0.93,
      0.91
    ]
  },
  "皇冠": {
    "initial_odds": [
      1.41,
      5.2,
      7.1
    ],
    "current_odds": [
      1.41,
      5.2,
      7.1,
      1.39,
      5.3,
      7.6
    ],
    "initial_probabilities": [
      0.6804000000000001,
      0.1845,
      0.1351
    ],
    "current_probabilities": [
      0.6804000000000001,
      0.1845,
      0.1351,
      0.6920000000000001,
      0.1815,
      0.1266
    ],
    "initial_return_rate": 0.9593,
    "current_return_rate": 0.9593,
    "initial_kelly": [
      0.97,
      0.96,
      0.89
    ],
    "current_kelly": [
      0.97,
      0.96,
      0.89,
      0.96,
      0.98,
      0.96
    ]
  },
  "易胜博": {
    "initial_odds": [
      1.36,
      5.3,
      7.0
    ],
    "current_odds": [
      1.36,
      5.3,
      7.0,
      1.36,
      5.3,
      7.5
    ],
    "initial_probabilities": [
      0.6892,
      0.1769,
      0.13390000000000002
    ],
    "current_probabilities": [
      0.6892,
      0.1769,
      0.13390000000000002,
      0.6954,
      0.17850000000000002,
      0.1261
    ],
    "initial_return_rate": 0.9373999999999999,
    "current_return_rate": 0.9373999999999999,
    "initial_kelly": [
      0.94,
      0.98,
      0.88
    ],
    "current_kelly": [
      0.94,
      0.98,
      0.88,
      0.94,
      0.98,
      0.94
    ]
  },
  "伟德": {
    "initial_odds": [
      1.36,
      4.75,
      7.5
    ],
    "current_odds": [
      1.36,
      4.75,
      7.5,
      1.36,
      5.0,
      8.0
    ],
    "initial_probabilities": [
      0.6814,
      0.19510000000000002,
      0.12359999999999999
    ],
    "current_probabilities": [
      0.6814,
      0.19510000000000002,
      0.12359999999999999,
      0.6934999999999999,
      0.1886,
      0.11789999999999999
    ],
    "initial_return_rate": 0.9267,
    "current_return_rate": 0.9267,
    "initial_kelly": [
      0.94,
      0.88,
      0.94
    ],
    "current_kelly": [
      0.94,
      0.88,
      0.94,
      0.94,
      0.93,
      1.01
    ]
  },
  "Bwin": {
    "initial_odds": [
      1.42,
      4.8,
      7.0
    ],
    "current_odds": [
      1.42,
      4.8,
      7.0,
      1.39,
      5.0,
      7.5
    ],
    "initial_probabilities": [
      0.6672,
      0.1974,
      0.1354
    ],
    "current_probabilities": [
      0.6672,
      0.1974,
      0.1354,
      0.6834,
      0.19,
      0.1267
    ],
    "initial_return_rate": 0.9475,
    "current_return_rate": 0.9475,
    "initial_kelly": [
      0.98,
      0.89,
      0.88
    ],
    "current_kelly": [
      0.98,
      0.89,
      0.88,
      0.96,
      0.93,
      0.94
    ]
  },
  "Pinnacle平博": {
    "initial_odds": [
      1.43,
      4.76,
      6.17
    ],
    "current_odds": [
      1.43,
      4.76,
      6.17,
      1.39,
      5.33,
      7.75
    ],
    "initial_probabilities": [
      0.6527,
      0.1961,
      0.15130000000000002
    ],