{
  "竞彩官方": {
    "initial_odds": [
      1.71,
      3.6,
      3.75
    ],
    "current_odds": [
      1.71,
      3.6,
      3.75,
      1.71,
      3.6,
      3.75
    ],
    "initial_probabilities": [
      0.5179,
      0.24600000000000002,
      0.2361
    ],
    "current_probabilities": [
      0.5179,
      0.24600000000000002,
      0.2361,
      0.5179,
      0.24600000000000002,
      0.2361
    ],
    "initial_return_rate": 0.8856,
    "current_return_rate": 0.8856,
    "initial_kelly": [
      0.82,
      0.93,
      0.99
    ],
    "current_kelly": [
      0.82,
      0.93,
      0.99,
      0.82,
      0.93,
      0.99
    ]
  },
  "威廉希尔": {
    "initial_odds": [
      1.91,
      3.5,
      3.6
    ],
    "current_odds": [
      1.91,
      3.5,
      3.6,
      1.95,
      3.4,
      3.5
    ],
    "initial_probabilities": [
      0.4816,
      0.26280000000000003,
      0.2555
    ],
    "current_probabilities": [
      0.4816,
      0.26280000000000003,
      0.2555,
      0.4693,
      0.2692,
      0.2615
    ],
    "initial_return_rate": 0.9198999999999999,
    "current_return_rate": 0.9198999999999999,
    "initial_kelly": [
      0.91,
      0.9,
      0.95
    ],
    "current_kelly": [
      0.91,
      0.9,
      0.95,
      0.93,
      0.88,
      0.92
    ]
  },
  "澳门": {
    "initial_odds": [
      1.95,
      3.51,
      3.25
    ],
    "current_odds": [
      1.95,
      3.51,
      3.25,
      2.01,
      3.51,
      3.1
    ],
    "initial_probabilities": [
      0.4639,
      0.2577,
      0.2784
    ],
    "current_probabilities": [
      0.4639,
      0.2577,
      0.2784,
      0.45020000000000004,
      0.25780000000000003,
      0.2919
    ],
    "initial_return_rate": 0.9046,
    "current_return_rate": 0.9046,
    "initial_kelly": [
      0.93,
      0.9,
      0.86
    ],
    "current_kelly": [
      0.93,
      0.9,
      0.86,
      0.96,
      0.9,
      0.82
    ]
  },
  "立博": {
    "initial_odds": [
      1.85,
      3.5,
      3.4
    ],
    "current_odds": [
      1.85,
      3.5,
      3.4,
      1.85,
      3.5,
      3.4
    ],
    "initial_probabilities": [
      0.4825,
      0.255,
      0.2625
    ],
    "current_probabilities": [
      0.4825,
      0.255,
      0.2625,
      0.4825,
      0.255,
      0.2625
    ],
    "initial_return_rate": 0.8926000000000001,
    "current_return_rate": 0.8926000000000001,
    "initial_kelly": [
      0.89,
      0.9,
      0.9
    ],
    "current_kelly": [
      0.89,
      0.9,
      0.9,
      0.89,
      0.9,
      0.9
    ]
  },
  "Bet365": {
    "initial_odds": [
      1.9,
      3.7,
      3.75
    ],
    "current_odds": [
      1.9,
      3.7,
      3.75,
      1.95,
      3.6,
      3.7
    ],
    "initial_probabilities": [
      0.495,
      0.25420000000000004,
      0.25079999999999997
    ],
    "current_probabilities": [
      0.495,
      0.25420000000000004,
      0.25079999999999997,
      0.48340000000000005,
      0.2618,
      0.2548
    ],
    "initial_return_rate": 0.9405,
    "current_return_rate": 0.9405,
    "initial_kelly": [
      0.91,
      0.95,
      0.99
    ],
    "current_kelly": [
      0.91,
      0.95,
      0.99,
      0.93,
      0.93,
      0.98
    ]
  },
  "Interwetten": {
    "initial_odds": [
      1.9,
      3.65,
      3.65
    ],
    "current_odds": [
      1.9,
      3.65,
      3.65,
      1.95,
      3.65,
      3.55
    ],
    "initial_probabilities": [
      0.4899,
      0.255,
      0.255
    ],
    "current_probabilities": [
      0.4899,
      0.255,
      0.255,
      0.48,
      0.2564,
      0.2636
    ],
    "initial_return_rate": 0.9309000000000001,
    "current_return_rate": 0.9309000000000001,
    "initial_kelly": [
      0.91,
      0.94,
      0.96
    ],
    "current_kelly": [
      0.91,
      0.94,
      0.96,
      0.93,
      0.94,
      0.94
    ]
  },
  "SNAI": {
    "initial_odds": [
      1.87,
      3.6,
      3.6
    ],
    "current_odds": [
      1.87,
      3.6,
      3.6,
      1.92,
      3.6,
      3.55
    ],
    "initial_probabilities": [
      0.4905,
      0.2548,
      0.2548
    ],
    "current_probabilities": [
      0.4905,
      0.2548,
      0.2548,
      0.48210000000000003,
      0.2571,
      0.2608
    ],
    "initial_return_rate": 0.9172,
    "current_return_rate": 0.9172,
    "initial_kelly": [
      0.9,
      0.93,
      0.95
    ],
    "current_kelly": [
      0.9,
      0.93,
      0.95,
      0.92,
      0.93,
      0.94
    ]
  },
  "皇冠": {
    "initial_odds": [
      1.96,
      3.65,
      3.35
    ],
    "current_odds": [
      1.96,
      3.65,
      3.35,
      1.98,
      3.7,
      3.6
    ],
    "initial_probabilities": [
      0.47119999999999995,
      0.253,
      0.2757
    ],
    "current_probabilities": [
      0.47119999999999995,
      0.253,
      0.2757,
      0.4796,
      0.2566,
      0.2638
    ],
    "initial_return_rate": 0.9236,
    "current_return_rate": 0.9236,
    "initial_kelly": [
      0.94,
      0.94,
      0.88
    ],
    "current_kelly": [
      0.94,
      0.94,
      0.88,
      0.95,
      0.95,
      0.95
    ]
  },
  "易胜博": {
    "initial_odds": [
      1.9,
      3.7,
      3.8
    ],
    "current_odds": [
      1.9,
      3.7,
      3.8,
      1.95,
      3.6,
      3.7
    ],
    "initial_probabilities": [
      0.4966,
      0.255,
      0.2483
    ],
    "current_probabilities": [
      0.4966,
      0.255,
      0.2483,
      0.48340000000000005,
      0.2618,
      0.2548
    ],
    "initial_return_rate": 0.9436,
    "current_return_rate": 0.9436,
    "initial_kelly": [
      0.91,
      0.95,
      1.0
    ],
    "current_kelly": [
      0.91,
      0.95,
      1.0,
      0.93,
      0.93,
      0.98
    ]
  },
  "伟德": {
    "initial_odds": [
      1.87,
      3.6,
      3.8
    ],
    "current_odds": [
      1.87,
      3.6,
      3.8,
      1.95,
      3.7,
      3.6
    ],
    "initial_probabilities": [
      0.4971,
      0.2582,
      0.2446
    ],
    "current_probabilities": [
      0.4971,
      0.2582,
      0.2446,
      0.48340000000000005,
      0.2548,
      0.2618
    ],
    "initial_return_rate": 0.9296,
    "current_return_rate": 0.9296,
    "initial_kelly": [
      0.9,
      0.93,
      1.0
    ],
    "current_kelly": [
      0.9,
      0.93,
      1.0,
      0.93,
      0.95,
      0.95
    ]
  },
  "Bwin": {
    "initial_odds": [
      1.9,
      3.7,
      3.6
    ],
    "current_odds": [
      1.9,
      3.7,
      3.6,
      1.9,
      3.7,
      3.6
    ],
    "initial_probabilities": [
      0.4899,
      0.2516,
      0.2586
    ],
    "current_probabilities": [
      0.4899,
      0.2516,
      0.2586,
      0.4899,
      0.2516,
      0.2586
    ],
    "initial_return_rate": 0.9308,
    "current_return_rate": 0.9308,
    "initial_kelly": [
      0.91,
      0.95,
      0.95
    ],
    "current_kelly": [
      0.91,
      0.95,
      0.95,
      0.91,
      0.95,
      0.95
    ]
  },
  "Pinnacle平博": {
    "initial_odds": [
      1.91,
      3.69,
      3.71
    ],
    "current_odds": [
      1.91,
      3.69,
      3.71,
      1.99,
      3.68,
      3.61
    ],
    "initial_probabilities": [
      0.49200000000000005,
      0.2547,
      0.25329999999999997
    ],
    "current_probabilities": [
      0.49200000000000005,
      0.2547,
      0.25329999999999997,
      0.478,
      0.2585,
      0.2635
    ],
    "initial_return_rate": 0.9398000000000001,