{
  "竞彩官方": {
    "initial_odds": [
      2.74,
      2.9,
      2.39
    ],
    "current_odds": [
      2.74,
      2.9,
      2.39,
      2.74,
      2.9,
      2.39
    ],
    "initial_probabilities": [
      0.3235,
      0.3056,
      0.3709
    ],
    "current_probabilities": [
      0.3235,
      0.3056,
      0.3709,
      0.3235,
      0.3056,
      0.3709
    ],
    "initial_return_rate": 0.8864,
    "current_return_rate": 0.8864,
    "initial_kelly": [
      0.83,
      0.89,
      0.93
    ],
    "current_kelly": [
      0.83,
      0.89,
      0.93,
      0.83,
      0.89,
      0.93
    ]
  },
  "威廉希尔": {
    "initial_odds": [
      3.0,
      2.9,
      2.4
    ],
    "current_odds": [
      3.0,
      2.9,
      2.4,
      3.0,
      2.9,
      2.4
    ],
    "initial_probabilities": [
      0.3045,
      0.315,
      0.38060000000000005
    ],
    "current_probabilities": [
      0.3045,
      0.315,
      0.38060000000000005,
      0.3045,
      0.315,
      0.38060000000000005
    ],
    "initial_return_rate": 0.9134,
    "current_return_rate": 0.9134,
    "initial_kelly": [
      0.91,
      0.89,
      0.94
    ],
    "current_kelly": [
      0.91,
      0.89,
      0.94,
      0.91,
      0.89,
      0.94
    ]
  },
  "澳门": {
    "initial_odds": [
      2.98,
      2.95,
      2.32
    ],
    "current_odds": [
      2.98,
      2.95,
      2.32,
      2.98,
      2.95,
      2.32
    ],
    "initial_probabilities": [
      0.3035,
      0.3066,
      0.3899
    ],
    "current_probabilities": [
      0.3035,
      0.3066,
      0.3899,
      0.3035,
      0.3066,
      0.3899
    ],
    "initial_return_rate": 0.9045000000000001,
    "current_return_rate": 0.9045000000000001,
    "initial_kelly": [
      0.91,
      0.9,
      0.9
    ],
    "current_kelly": [
      0.91,
      0.9,
      0.9,
      0.91,
      0.9,
      0.9
    ]
  },
  "立博": {
    "initial_odds": [
      2.7,
      2.9,
      2.5
    ],
    "current_odds": [
      2.7,
      2.9,
      2.5,
      2.9,
      2.9,
      2.3
    ],
    "initial_probabilities": [
      0.3321,
      0.30920000000000003,
      0.35869999999999996
    ],
    "current_probabilities": [
      0.3321,
      0.30920000000000003,
      0.35869999999999996,
      0.30670000000000003,
      0.30670000000000003,
      0.38670000000000004
    ],
    "initial_return_rate": 0.8967,
    "current_return_rate": 0.8967,
    "initial_kelly": [
      0.82,
      0.89,
      0.97
    ],
    "current_kelly": [
      0.82,
      0.89,
      0.97,
      0.88,
      0.89,
      0.9
    ]
  },
  "Bet365": {
    "initial_odds": [
      3.1,
      3.1,
      2.4
    ],
    "current_odds": [
      3.1,
      3.1,
      2.4,
      3.1,
      3.1,
      2.4
    ],
    "initial_probabilities": [
      0.3038,
      0.3038,
      0.3924
    ],
    "current_probabilities": [
      0.3038,
      0.3038,
      0.3924,
      0.3038,
      0.3038,
      0.3924
    ],
    "initial_return_rate": 0.9418000000000001,
    "current_return_rate": 0.9418000000000001,
    "initial_kelly": [
      0.94,
      0.95,
      0.94
    ],
    "current_kelly": [
      0.94,
      0.95,
      0.94,
      0.94,
      0.95,
      0.94
    ]
  },
  "Interwetten": {
    "initial_odds": [
      3.15,
      2.95,
      2.4
    ],
    "current_odds": [
      3.15,
      2.95,
      2.4,
      3.1,
      3.05,
      2.4
    ],
    "initial_probabilities": [
      0.2958,
      0.3159,
      0.3883
    ],
    "current_probabilities": [
      0.2958,
      0.3159,
      0.3883,
      0.3023,
      0.3072,
      0.39049999999999996
    ],
    "initial_return_rate": 0.9319,
    "current_return_rate": 0.9319,
    "initial_kelly": [
      0.96,
      0.9,
      0.94
    ],
    "current_kelly": [
      0.96,
      0.9,
      0.94,
      0.94,
      0.94,
      0.94
    ]
  },
  "SNAI": {
    "initial_odds": [
      3.05,
      3.0,
      2.3
    ],
    "current_odds": [
      3.05,
      3.0,
      2.3,
      3.05,
      3.05,
      2.35
    ],
    "initial_probabilities": [
      0.2992,
      0.3041,
      0.3967
    ],
    "current_probabilities": [
      0.2992,
      0.3041,
      0.3967,
      0.3032,
      0.3032,
      0.3935
    ],
    "initial_return_rate": 0.9124,
    "current_return_rate": 0.9124,
    "initial_kelly": [
      0.93,
      0.92,
      0.9
    ],
    "current_kelly": [
      0.93,
      0.92,
      0.9,
      0.93,
      0.94,
      0.92
    ]
  },
  "皇冠": {
    "initial_odds": [
      3.15,
      3.1,
      2.44
    ],
    "current_odds": [
      3.15,
      3.1,
      2.44,
      3.15,
      3.1,
      2.44
    ],
    "initial_probabilities": [
      0.3024,
      0.3073,
      0.39039999999999997
    ],
    "current_probabilities": [
      0.3024,
      0.3073,
      0.39039999999999997,
      0.3024,
      0.3073,
      0.39039999999999997
    ],
    "initial_return_rate": 0.9525,
    "current_return_rate": 0.9525,
    "initial_kelly": [
      0.96,
      0.95,
      0.95
    ],
    "current_kelly": [
      0.96,
      0.95,
      0.95,
      0.96,
      0.95,
      0.95
    ]
  },
  "易胜博": {
    "initial_odds": [
      3.1,
      3.1,
      2.4
    ],
    "current_odds": [
      3.1,
      3.1,
      2.4,
      3.1,
      3.1,
      2.4
    ],
    "initial_probabilities": [
      0.3038,
      0.3038,
      0.3924
    ],
    "current_probabilities": [
      0.3038,
      0.3038,
      0.3924,
      0.3038,
      0.3038,
      0.3924
    ],
    "initial_return_rate": 0.9418000000000001,
    "current_return_rate": 0.9418000000000001,
    "initial_kelly": [
      0.94,
      0.95,
      0.94
    ],
    "current_kelly": [
      0.94,
      0.95,
      0.94,
      0.94,
      0.95,
      0.94
    ]
  },
  "伟德": {
    "initial_odds": [
      2.8,
      3.0,
      2.6
    ],
    "current_odds": [
      2.8,
      3.0,
      2.6,
      3.13,
      3.1,
      2.4
    ],
    "initial_probabilities": [
      0.3322,
      0.31010000000000004,
      0.3578
    ],
    "current_probabilities": [
      0.3322,
      0.31010000000000004,
      0.3578,
      0.3018,
      0.30469999999999997,
      0.3936
    ],
    "initial_return_rate": 0.9301999999999999,
    "current_return_rate": 0.9301999999999999,
    "initial_kelly": [
      0.85,
      0.92,
      1.01
    ],
    "current_kelly": [
      0.85,
      0.92,
      1.01,
      0.95,
      0.95,
      0.94
    ]
  },
  "Bwin": {
    "initial_odds": [
      2.8,
      3.0,
      2.55
    ],
    "current_odds": [
      2.8,
      3.0,
      2.55,
      3.1,
      3.0,
      2.37
    ],
    "initial_probabilities": [
      0.3299,
      0.3079,
      0.36219999999999997
    ],
    "current_probabilities": [
      0.3299,
      0.3079,
      0.36219999999999997,
      0.2993,
      0.3093,
      0.39149999999999996
    ],
    "initial_return_rate": 0.9237000000000001,
    "current_return_rate": 0.9237000000000001,
    "initial_kelly": [
      0.85,
      0.92,
      0.99
    ],
    "current_kelly": [
      0.85,
      0.92,
      0.99,
      0.94,
      0.92,
      0.92
    ]
  },
  "Pinnacle平博": {
    "initial_odds": [
      3.2,
      3.01,
      2.4
    ],
    "current_odds": [
      3.2,
      3.01,
      2.4,
      3.18,
      3.11,
      2.42
    ],
    "initial_probabilities": [
      0.2944,
      0.313,
      0.3926
    ],
    "current_probabilities": [
      0.2944,
      0.313,
      0.3926,
      0.29969999999999997,
      0.3065,
      0.39380000000000004
    ],