{
  "竞彩官方": {
    "initial_odds": [
      2.16,
      2.96,
      3.05
    ],
    "current_odds": [
      2.16,
      2.96,
      3.05,
      2.31,
      2.95,
      2.8
    ],
    "initial_probabilities": [
      0.4102,
      0.2993,
      0.2905
    ],
    "current_probabilities": [
      0.4102,
      0.2993,
      0.2905,
      0.3834,
      0.3002,
      0.31629999999999997
    ],
    "initial_return_rate": 0.8859999999999999,
    "current_return_rate": 0.8859999999999999,
    "initial_kelly": [
      0.81,
      0.88,
      0.99
    ],
    "current_kelly": [
      0.81,
      0.88,
      0.99,
      0.87,
      0.88,
      0.91
    ]
  },
  "威廉希尔": {
    "initial_odds": [
      2.3,
      3.5,
      2.9
    ],
    "current_odds": [
      2.3,
      3.5,
      2.9,
      2.5,
      3.1,
      2.9
    ],
    "initial_probabilities": [
      0.4081,
      0.2682,
      0.3237
    ],
    "current_probabilities": [
      0.4081,
      0.2682,
      0.3237,
      0.3747,
      0.30219999999999997,
      0.3231
    ],
    "initial_return_rate": 0.9387000000000001,
    "current_return_rate": 0.9387000000000001,
    "initial_kelly": [
      0.87,
      1.05,
      0.94
    ],
    "current_kelly": [
      0.87,
      1.05,
      0.94,
      0.94,
      0.93,
      0.94
    ]
  },
  "澳门": {
    "initial_odds": [
      2.26,
      3.05,
      2.95
    ],
    "current_odds": [
      2.26,
      3.05,
      2.95,
      2.4,
      3.05,
      2.75
    ],
    "initial_probabilities": [
      0.39890000000000003,
      0.2956,
      0.3056
    ],
    "current_probabilities": [
      0.39890000000000003,
      0.2956,
      0.3056,
      0.376,
      0.2959,
      0.3281
    ],
    "initial_return_rate": 0.9014,
    "current_return_rate": 0.9014,
    "initial_kelly": [
      0.85,
      0.91,
      0.96
    ],
    "current_kelly": [
      0.85,
      0.91,
      0.96,
      0.91,
      0.91,
      0.89
    ]
  },
  "立博": {
    "initial_odds": [
      2.3,
      3.3,
      3.0
    ],
    "current_odds": [
      2.3,
      3.3,
      3.0,
      2.5,
      3.1,
      2.87
    ],
    "initial_probabilities": [
      0.40590000000000004,
      0.2829,
      0.31120000000000003
    ],
    "current_probabilities": [
      0.40590000000000004,
      0.2829,
      0.31120000000000003,
      0.3735,
      0.3012,
      0.32530000000000003
    ],
    "initial_return_rate": 0.9336,
    "current_return_rate": 0.9336,
    "initial_kelly": [
      0.87,
      0.99,
      0.97
    ],
    "current_kelly": [
      0.87,
      0.99,
      0.97,
      0.94,
      0.93,
      0.93
    ]
  },
  "Bet365": {
    "initial_odds": [
      2.3,
      3.3,
      3.1
    ],
    "current_odds": [
      2.3,
      3.3,
      3.1,
      2.5,
      3.2,
      2.9
    ],
    "initial_probabilities": [
      0.41,
      0.2858,
      0.3042
    ],
    "current_probabilities": [
      0.41,
      0.2858,
      0.3042,
      0.37829999999999997,
      0.2956,
      0.3261
    ],
    "initial_return_rate": 0.943,
    "current_return_rate": 0.943,
    "initial_kelly": [
      0.87,
      0.99,
      1.01
    ],
    "current_kelly": [
      0.87,
      0.99,
      1.01,
      0.94,
      0.96,
      0.94
    ]
  },
  "Interwetten": {
    "initial_odds": [
      2.4,
      3.5,
      2.85
    ],
    "current_odds": [
      2.4,
      3.5,
      2.85,
      2.55,
      3.2,
      2.9
    ],
    "initial_probabilities": [
      0.3956,
      0.2713,
      0.3331
    ],
    "current_probabilities": [
      0.3956,
      0.2713,
      0.3331,
      0.3737,
      0.2978,
      0.3286
    ],
    "initial_return_rate": 0.9494,
    "current_return_rate": 0.9494,
    "initial_kelly": [
      0.91,
      1.05,
      0.92
    ],
    "current_kelly": [
      0.91,
      1.05,
      0.92,
      0.96,
      0.96,
      0.94
    ]
  },
  "SNAI": {
    "initial_odds": [
      2.25,
      3.25,
      3.1
    ],
    "current_odds": [
      2.25,
      3.25,
      3.1,
      2.5,
      3.15,
      2.9
    ],
    "initial_probabilities": [
      0.41350000000000003,
      0.2863,
      0.3002
    ],
    "current_probabilities": [
      0.41350000000000003,
      0.2863,
      0.3002,
      0.3765,
      0.2988,
      0.3246
    ],
    "initial_return_rate": 0.9305,
    "current_return_rate": 0.9305,
    "initial_kelly": [
      0.85,
      0.97,
      1.01
    ],
    "current_kelly": [
      0.85,
      0.97,
      1.01,
      0.94,
      0.94,
      0.94
    ]
  },
  "皇冠": {
    "initial_odds": [
      2.31,
      3.35,
      3.2
    ],
    "current_odds": [
      2.31,
      3.35,
      3.2,
      2.56,
      3.2,
      2.95
    ],
    "initial_probabilities": [
      0.4147,
      0.28600000000000003,
      0.2994
    ],
    "current_probabilities": [
      0.4147,
      0.28600000000000003,
      0.2994,
      0.37479999999999997,
      0.2999,
      0.32530000000000003
    ],
    "initial_return_rate": 0.9579000000000001,
    "current_return_rate": 0.9579000000000001,
    "initial_kelly": [
      0.87,
      1.0,
      1.04
    ],
    "current_kelly": [
      0.87,
      1.0,
      1.04,
      0.97,
      0.96,
      0.96
    ]
  },
  "易胜博": {
    "initial_odds": [
      2.45,
      3.3,
      3.1
    ],
    "current_odds": [
      2.45,
      3.3,
      3.1,
      2.5,
      3.2,
      2.9
    ],
    "initial_probabilities": [
      0.3948,
      0.29309999999999997,
      0.312
    ],
    "current_probabilities": [
      0.3948,
      0.29309999999999997,
      0.312,
      0.37829999999999997,
      0.2956,
      0.3261
    ],
    "initial_return_rate": 0.9673,
    "current_return_rate": 0.9673,
    "initial_kelly": [
      0.92,
      0.99,
      1.01
    ],
    "current_kelly": [
      0.92,
      0.99,
      1.01,
      0.94,
      0.96,
      0.94
    ]
  },
  "伟德": {
    "initial_odds": [
      2.3,
      3.6,
      2.8
    ],
    "current_odds": [
      2.3,
      3.6,
      2.8,
      2.5,
      3.25,
      2.87
    ],
    "initial_probabilities": [
      0.4065,
      0.2597,
      0.33390000000000003
    ],
    "current_probabilities": [
      0.4065,
      0.2597,
      0.33390000000000003,
      0.3787,
      0.2913,
      0.3299
    ],
    "initial_return_rate": 0.9348000000000001,
    "current_return_rate": 0.9348000000000001,
    "initial_kelly": [
      0.87,
      1.08,
      0.91
    ],
    "current_kelly": [
      0.87,
      1.08,
      0.91,
      0.94,
      0.97,
      0.93
    ]
  },
  "Bwin": {
    "initial_odds": [
      2.3,
      3.3,
      3.0
    ],
    "current_odds": [
      2.3,
      3.3,
      3.0,
      2.5,
      3.2,
      2.9
    ],
    "initial_probabilities": [
      0.40590000000000004,
      0.2829,
      0.31120000000000003
    ],
    "current_probabilities": [
      0.40590000000000004,
      0.2829,
      0.31120000000000003,
      0.37829999999999997,
      0.2956,
      0.3261
    ],
    "initial_return_rate": 0.9336,
    "current_return_rate": 0.9336,
    "initial_kelly": [
      0.87,
      0.99,
      0.97
    ],
    "current_kelly": [
      0.87,
      0.99,
      0.97,
      0.94,
      0.96,
      0.94
    ]
  },
  "Pinnacle平博": {
    "initial_odds": [
      2.26,
      3.34,
      3.14
    ],
    "current_odds": [
      2.26,
      3.34,
      3.14,
      2.63,
      3.21,
      2.97
    ],
    "initial_probabilities": [
      0.41729999999999995,
      0.2824,
      0.3003
    ],