{
  "竞彩官方": {
    "initial_odds": [
      1.23,
      4.9,
      9.0
    ],
    "current_odds": [
      1.23,
      4.9,
      9.0,
      1.23,
      4.9,
      9.0
    ],
    "initial_probabilities": [
      0.7206,
      0.1809,
      0.09849999999999999
    ],
    "current_probabilities": [
      0.7206,
      0.1809,
      0.09849999999999999,
      0.7206,
      0.1809,
      0.09849999999999999
    ],
    "initial_return_rate": 0.8864,
    "current_return_rate": 0.8864,
    "initial_kelly": [
      0.86,
      0.93,
      0.98
    ],
    "current_kelly": [
      0.86,
      0.93,
      0.98,
      0.86,
      0.93,
      0.98
    ]
  },
  "威廉希尔": {
    "initial_odds": [
      1.3,
      5.0,
      10.0
    ],
    "current_odds": [
      1.3,
      5.0,
      10.0,
      1.36,
      4.8,
      8.5
    ],
    "initial_probabilities": [
      0.7193999999999999,
      0.18710000000000002,
      0.0935
    ],
    "current_probabilities": [
      0.7193999999999999,
      0.18710000000000002,
      0.0935,
      0.6928,
      0.1963,
      0.1109
    ],
    "initial_return_rate": 0.9353,
    "current_return_rate": 0.9353,
    "initial_kelly": [
      0.91,
      0.95,
      1.09
    ],
    "current_kelly": [
      0.91,
      0.95,
      1.09,
      0.95,
      0.91,
      0.93
    ]
  },
  "澳门": {
    "initial_odds": [
      1.31,
      4.7,
      7.7
    ],
    "current_odds": [
      1.31,
      4.7,
      7.7,
      1.31,
      4.7,
      7.7
    ],
    "initial_probabilities": [
      0.6901999999999999,
      0.1924,
      0.1174
    ],
    "current_probabilities": [
      0.6901999999999999,
      0.1924,
      0.1174,
      0.6901999999999999,
      0.1924,
      0.1174
    ],
    "initial_return_rate": 0.9042,
    "current_return_rate": 0.9042,
    "initial_kelly": [
      0.92,
      0.89,
      0.84
    ],
    "current_kelly": [
      0.92,
      0.89,
      0.84,
      0.92,
      0.89,
      0.84
    ]
  },
  "立博": {
    "initial_odds": [
      1.28,
      5.75,
      9.5
    ],
    "current_odds": [
      1.28,
      5.75,
      9.5,
      1.36,
      4.8,
      8.0
    ],
    "initial_probabilities": [
      0.7367,
      0.16399999999999998,
      0.0993
    ],
    "current_probabilities": [
      0.7367,
      0.16399999999999998,
      0.0993,
      0.6881,
      0.195,
      0.11699999999999999
    ],
    "initial_return_rate": 0.943,
    "current_return_rate": 0.943,
    "initial_kelly": [
      0.9,
      1.09,
      1.03
    ],
    "current_kelly": [
      0.9,
      1.09,
      1.03,
      0.95,
      0.91,
      0.87
    ]
  },
  "Bet365": {
    "initial_odds": [
      1.4,
      4.5,
      8.5
    ],
    "current_odds": [
      1.4,
      4.5,
      8.5,
      1.36,
      5.0,
      8.0
    ],
    "initial_probabilities": [
      0.6776000000000001,
      0.2108,
      0.1116
    ],
    "current_probabilities": [
      0.6776000000000001,
      0.2108,
      0.1116,
      0.6934999999999999,
      0.1886,
      0.11789999999999999
    ],
    "initial_return_rate": 0.9486,
    "current_return_rate": 0.9486,
    "initial_kelly": [
      0.98,
      0.86,
      0.93
    ],
    "current_kelly": [
      0.98,
      0.86,
      0.93,
      0.95,
      0.95,
      0.87
    ]
  },
  "Interwetten": {
    "initial_odds": [
      1.3,
      5.75,
      10.0
    ],
    "current_odds": [
      1.3,
      5.75,
      10.0,
      1.37,
      5.0,
      8.5
    ],
    "initial_probabilities": [
      0.7373999999999999,
      0.16670000000000001,
      0.0959
    ],
    "current_probabilities": [
      0.7373999999999999,
      0.16670000000000001,
      0.0959,
      0.6968000000000001,
      0.1909,
      0.11230000000000001
    ],
    "initial_return_rate": 0.9586,
    "current_return_rate": 0.9586,
    "initial_kelly": [
      0.91,
      1.09,
      1.09
    ],
    "current_kelly": [
      0.91,
      1.09,
      1.09,
      0.96,
      0.95,
      0.93
    ]
  },
  "SNAI": {
    "initial_odds": [
      1.35,
      5.0,
      8.25
    ],
    "current_odds": [
      1.35,
      5.0,
      8.25,
      1.35,
      4.9,
      8.5
    ],
    "initial_probabilities": [
      0.6975,
      0.1883,
      0.11410000000000001
    ],
    "current_probabilities": [
      0.6975,
      0.1883,
      0.11410000000000001,
      0.6972,
      0.19210000000000002,
      0.1107
    ],
    "initial_return_rate": 0.9417,
    "current_return_rate": 0.9417,
    "initial_kelly": [
      0.95,
      0.95,
      0.9
    ],
    "current_kelly": [
      0.95,
      0.95,
      0.9,
      0.95,
      0.93,
      0.93
    ]
  },
  "皇冠": {
    "initial_odds": [
      1.38,
      5.2,
      8.2
    ],
    "current_odds": [
      1.38,
      5.2,
      8.2,
      1.36,
      5.1,
      8.5
    ],
    "initial_probabilities": [
      0.6975,
      0.18510000000000001,
      0.1174
    ],
    "current_probabilities": [
      0.6975,
      0.18510000000000001,
      0.1174,
      0.7009000000000001,
      0.1869,
      0.1121
    ],
    "initial_return_rate": 0.9626,
    "current_return_rate": 0.9626,
    "initial_kelly": [
      0.97,
      0.99,
      0.89
    ],
    "current_kelly": [
      0.97,
      0.99,
      0.89,
      0.95,
      0.97,
      0.93
    ]
  },
  "易胜博": {
    "initial_odds": [
      1.36,
      5.0,
      7.5
    ],
    "current_odds": [
      1.36,
      5.0,
      7.5,
      1.36,
      5.0,
      8.0
    ],
    "initial_probabilities": [
      0.6881,
      0.18719999999999998,
      0.12480000000000001
    ],
    "current_probabilities": [
      0.6881,
      0.18719999999999998,
      0.12480000000000001,
      0.6934999999999999,
      0.1886,
      0.11789999999999999
    ],
    "initial_return_rate": 0.9358,
    "current_return_rate": 0.9358,
    "initial_kelly": [
      0.95,
      0.95,
      0.82
    ],
    "current_kelly": [
      0.95,
      0.95,
      0.82,
      0.95,
      0.95,
      0.87
    ]
  },
  "伟德": {
    "initial_odds": [
      1.25,
      5.5,
      10.5
    ],
    "current_odds": [
      1.25,
      5.5,
      10.5,
      1.33,
      5.0,
      9.5
    ],
    "initial_probabilities": [
      0.7428,
      0.16879999999999998,
      0.08839999999999999
    ],
    "current_probabilities": [
      0.7428,
      0.16879999999999998,
      0.08839999999999999,
      0.7112,
      0.1892,
      0.09960000000000001
    ],
    "initial_return_rate": 0.9285,
    "current_return_rate": 0.9285,
    "initial_kelly": [
      0.88,
      1.05,
      1.14
    ],
    "current_kelly": [
      0.88,
      1.05,
      1.14,
      0.93,
      0.95,
      1.03
    ]
  },
  "Bwin": {
    "initial_odds": [
      1.3,
      5.75,
      9.5
    ],
    "current_odds": [
      1.3,
      5.75,
      9.5,
      1.37,
      5.0,
      8.25
    ],
    "initial_probabilities": [
      0.7337,
      0.1659,
      0.10039999999999999
    ],
    "current_probabilities": [
      0.7337,
      0.1659,
      0.10039999999999999,
      0.6944,
      0.19030000000000002,
      0.1153
    ],
    "initial_return_rate": 0.9538,
    "current_return_rate": 0.9538,
    "initial_kelly": [
      0.91,
      1.09,
      1.03
    ],
    "current_kelly": [
      0.91,
      1.09,
      1.03,
      0.96,
      0.95,
      0.9
    ]
  },
  "Pinnacle平博": {
    "initial_odds": [
      1.25,
      5.71,
      10.31
    ],
    "current_odds": [
      1.25,
      5.71,
      10.31,
      1.36,
      5.19,
      9.2
    ],