{
  "竞彩官方": {
    "initial_odds": [
      1.73,
      3.32,
      4.0
    ],
    "current_odds": [
      1.73,
      3.32,
      4.0,
      1.73,
      3.32,
      4.0
    ],
    "initial_probabilities": [
      0.5119,
      0.2667,
      0.2214
    ],
    "current_probabilities": [
      0.5119,
      0.2667,
      0.2214,
      0.5119,
      0.2667,
      0.2214
    ],
    "initial_return_rate": 0.8856,
    "current_return_rate": 0.8856,
    "initial_kelly": [
      0.87,
      0.88,
      0.92
    ],
    "current_kelly": [
      0.87,
      0.88,
      0.92,
      0.87,
      0.88,
      0.92
    ]
  },
  "威廉希尔": {
    "initial_odds": [
      1.83,
      3.4,
      4.0
    ],
    "current_odds": [
      1.83,
      3.4,
      4.0,
      1.83,
      3.4,
      4.0
    ],
    "initial_probabilities": [
      0.5011,
      0.2697,
      0.22920000000000001
    ],
    "current_probabilities": [
      0.5011,
      0.2697,
      0.22920000000000001,
      0.5011,
      0.2697,
      0.22920000000000001
    ],
    "initial_return_rate": 0.917,
    "current_return_rate": 0.917,
    "initial_kelly": [
      0.93,
      0.9,
      0.92
    ],
    "current_kelly": [
      0.93,
      0.9,
      0.92,
      0.93,
      0.9,
      0.92
    ]
  },
  "澳门": {
    "initial_odds": [
      1.85,
      3.37,
      3.75
    ],
    "current_odds": [
      1.85,
      3.37,
      3.75,
      1.85,
      3.37,
      3.75
    ],
    "initial_probabilities": [
      0.48960000000000004,
      0.2688,
      0.2416
    ],
    "current_probabilities": [
      0.48960000000000004,
      0.2688,
      0.2416,
      0.48960000000000004,
      0.2688,
      0.2416
    ],
    "initial_return_rate": 0.9057999999999999,
    "current_return_rate": 0.9057999999999999,
    "initial_kelly": [
      0.94,
      0.89,
      0.86
    ],
    "current_kelly": [
      0.94,
      0.89,
      0.86,
      0.94,
      0.89,
      0.86
    ]
  },
  "立博": {
    "initial_odds": [
      1.8,
      3.4,
      3.75
    ],
    "current_odds": [
      1.8,
      3.4,
      3.75,
      1.8,
      3.3,
      3.9
    ],
    "initial_probabilities": [
      0.49770000000000003,
      0.2635,
      0.2389
    ],
    "current_probabilities": [
      0.49770000000000003,
      0.2635,
      0.2389,
      0.49829999999999997,
      0.2718,
      0.23
    ],
    "initial_return_rate": 0.8957999999999999,
    "current_return_rate": 0.8957999999999999,
    "initial_kelly": [
      0.91,
      0.9,
      0.86
    ],
    "current_kelly": [
      0.91,
      0.9,
      0.86,
      0.91,
      0.87,
      0.9
    ]
  },
  "Bet365": {
    "initial_odds": [
      1.83,
      3.7,
      4.1
    ],
    "current_odds": [
      1.83,
      3.7,
      4.1,
      1.83,
      3.7,
      4.1
    ],
    "initial_probabilities": [
      0.5152,
      0.2548,
      0.23
    ],
    "current_probabilities": [
      0.5152,
      0.2548,
      0.23,
      0.5152,
      0.2548,
      0.23
    ],
    "initial_return_rate": 0.9428,
    "current_return_rate": 0.9428,
    "initial_kelly": [
      0.93,
      0.98,
      0.94
    ],
    "current_kelly": [
      0.93,
      0.98,
      0.94,
      0.93,
      0.98,
      0.94
    ]
  },
  "Interwetten": {
    "initial_odds": [
      1.9,
      3.4,
      3.95
    ],
    "current_odds": [
      1.9,
      3.4,
      3.95,
      1.83,
      3.55,
      4.0
    ],
    "initial_probabilities": [
      0.4902,
      0.27399999999999997,
      0.23579999999999998
    ],
    "current_probabilities": [
      0.4902,
      0.27399999999999997,
      0.23579999999999998,
      0.5068,
      0.2613,
      0.23190000000000002
    ],
    "initial_return_rate": 0.9314,
    "current_return_rate": 0.9314,
    "initial_kelly": [
      0.96,
      0.9,
      0.91
    ],
    "current_kelly": [
      0.96,
      0.9,
      0.91,
      0.93,
      0.94,
      0.92
    ]
  },
  "SNAI": {
    "initial_odds": [
      1.8,
      3.55,
      3.9
    ],
    "current_odds": [
      1.8,
      3.55,
      3.9,
      1.8,
      3.55,
      4.0
    ],
    "initial_probabilities": [
      0.508,
      0.2576,
      0.2345
    ],
    "current_probabilities": [
      0.508,
      0.2576,
      0.2345,
      0.511,
      0.2591,
      0.2299
    ],
    "initial_return_rate": 0.9144,
    "current_return_rate": 0.9144,
    "initial_kelly": [
      0.91,
      0.94,
      0.9
    ],
    "current_kelly": [
      0.91,
      0.94,
      0.9,
      0.91,
      0.94,
      0.92
    ]
  },
  "皇冠": {
    "initial_odds": [
      1.86,
      3.5,
      3.9
    ],
    "current_odds": [
      1.86,
      3.5,
      3.9,
      1.88,
      3.65,
      4.05
    ],
    "initial_probabilities": [
      0.4979,
      0.2646,
      0.2375
    ],
    "current_probabilities": [
      0.4979,
      0.2646,
      0.2375,
      0.5052,
      0.2602,
      0.2345
    ],
    "initial_return_rate": 0.9261,
    "current_return_rate": 0.9261,
    "initial_kelly": [
      0.94,
      0.93,
      0.9
    ],
    "current_kelly": [
      0.94,
      0.93,
      0.9,
      0.95,
      0.97,
      0.93
    ]
  },
  "易胜博": {
    "initial_odds": [
      1.83,
      3.7,
      4.1
    ],
    "current_odds": [
      1.83,
      3.7,
      4.1,
      1.83,
      3.7,
      4.1
    ],
    "initial_probabilities": [
      0.5152,
      0.2548,
      0.23
    ],
    "current_probabilities": [
      0.5152,
      0.2548,
      0.23,
      0.5152,
      0.2548,
      0.23
    ],
    "initial_return_rate": 0.9428,
    "current_return_rate": 0.9428,
    "initial_kelly": [
      0.93,
      0.98,
      0.94
    ],
    "current_kelly": [
      0.93,
      0.98,
      0.94,
      0.93,
      0.98,
      0.94
    ]
  },
  "伟德": {
    "initial_odds": [
      1.83,
      3.4,
      4.2
    ],
    "current_odds": [
      1.83,
      3.4,
      4.2,
      1.85,
      3.6,
      4.2
    ],
    "initial_probabilities": [
      0.5065999999999999,
      0.2727,
      0.2207
    ],
    "current_probabilities": [
      0.5065999999999999,
      0.2727,
      0.2207,
      0.5117,
      0.26289999999999997,
      0.2254
    ],
    "initial_return_rate": 0.9270999999999999,
    "current_return_rate": 0.9270999999999999,
    "initial_kelly": [
      0.93,
      0.9,
      0.96
    ],
    "current_kelly": [
      0.93,
      0.9,
      0.96,
      0.94,
      0.95,
      0.96
    ]
  },
  "Bwin": {
    "initial_odds": [
      1.85,
      3.5,
      4.0
    ],
    "current_odds": [
      1.85,
      3.5,
      4.0,
      1.83,
      3.5,
      4.1
    ],
    "initial_probabilities": [
      0.5022,
      0.2655,
      0.2323
    ],
    "current_probabilities": [
      0.5022,
      0.2655,
      0.2323,
      0.5078,
      0.2655,
      0.2267
    ],
    "initial_return_rate": 0.9290999999999999,
    "current_return_rate": 0.9290999999999999,
    "initial_kelly": [
      0.94,
      0.93,
      0.92
    ],
    "current_kelly": [
      0.94,
      0.93,
      0.92,
      0.93,
      0.93,
      0.94
    ]
  },
  "Pinnacle平博": {
    "initial_odds": [
      1.81,
      3.4,
      4.58
    ],
    "current_odds": [
      1.81,
      3.4,
      4.58,
      1.83,
      3.72,
      4.21
    ],
    "initial_probabilities": [
      0.5188,
      0.2762,
      0.205
    ],
    "current_probabilities": [
      0.5188,
      0.2762,
      0.205,
      0.519,
      0.2553,
      0.2256
    ],
    "initial_return_rate": 0.9390000000000001,
    "current_return_rate": 0.9390000000000001,