{
  "竞彩官方": {
    "initial_odds": [
      1.22,
      4.9,
      9.5
    ],
    "current_odds": [
      1.22,
      4.9,
      9.5,
      1.22,
      4.9,
      9.5
    ],
    "initial_probabilities": [
      0.726,
      0.1808,
      0.0932
    ],
    "current_probabilities": [
      0.726,
      0.1808,
      0.0932,
      0.726,
      0.1808,
      0.0932
    ],
    "initial_return_rate": 0.8856999999999999,
    "current_return_rate": 0.8856999999999999,
    "initial_kelly": [
      0.84,
      0.95,
      1.15
    ],
    "current_kelly": [
      0.84,
      0.95,
      1.15,
      0.84,
      0.95,
      1.15
    ]
  },
  "威廉希尔": {
    "initial_odds": [
      1.35,
      4.8,
      8.5
    ],
    "current_odds": [
      1.35,
      4.8,
      8.5,
      1.36,
      4.6,
      8.0
    ],
    "initial_probabilities": [
      0.6944,
      0.1953,
      0.1103
    ],
    "current_probabilities": [
      0.6944,
      0.1953,
      0.1103,
      0.6823,
      0.20170000000000002,
      0.11599999999999999
    ],
    "initial_return_rate": 0.9375,
    "current_return_rate": 0.9375,
    "initial_kelly": [
      0.93,
      0.93,
      1.03
    ],
    "current_kelly": [
      0.93,
      0.93,
      1.03,
      0.93,
      0.89,
      0.97
    ]
  },
  "澳门": {
    "initial_odds": [
      1.33,
      4.75,
      6.56
    ],
    "current_odds": [
      1.33,
      4.75,
      6.56,
      1.33,
      4.75,
      6.56
    ],
    "initial_probabilities": [
      0.6744,
      0.1888,
      0.1367
    ],
    "current_probabilities": [
      0.6744,
      0.1888,
      0.1367,
      0.6744,
      0.1888,
      0.1367
    ],
    "initial_return_rate": 0.897,
    "current_return_rate": 0.897,
    "initial_kelly": [
      0.91,
      0.92,
      0.79
    ],
    "current_kelly": [
      0.91,
      0.92,
      0.79,
      0.91,
      0.92,
      0.79
    ]
  },
  "立博": {
    "initial_odds": [
      1.35,
      5.5,
      7.5
    ],
    "current_odds": [
      1.35,
      5.5,
      7.5,
      1.4,
      4.8,
      7.5
    ],
    "initial_probabilities": [
      0.7015,
      0.1722,
      0.1263
    ],
    "current_probabilities": [
      0.7015,
      0.1722,
      0.1263,
      0.6764,
      0.1973,
      0.1263
    ],
    "initial_return_rate": 0.9470999999999999,
    "current_return_rate": 0.9470999999999999,
    "initial_kelly": [
      0.93,
      1.06,
      0.91
    ],
    "current_kelly": [
      0.93,
      1.06,
      0.91,
      0.96,
      0.93,
      0.91
    ]
  },
  "Bet365": {
    "initial_odds": [
      1.33,
      5.5,
      7.5
    ],
    "current_odds": [
      1.33,
      5.5,
      7.5,
      1.38,
      5.0,
      7.0
    ],
    "initial_probabilities": [
      0.7045999999999999,
      0.1704,
      0.125
    ],
    "current_probabilities": [
      0.7045999999999999,
      0.1704,
      0.125,
      0.6788,
      0.18739999999999998,
      0.1338
    ],
    "initial_return_rate": 0.9372,
    "current_return_rate": 0.9372,
    "initial_kelly": [
      0.91,
      1.06,
      0.91
    ],
    "current_kelly": [
      0.91,
      1.06,
      0.91,
      0.95,
      0.97,
      0.85
    ]
  },
  "Interwetten": {
    "initial_odds": [
      1.35,
      5.25,
      7.5
    ],
    "current_odds": [
      1.35,
      5.25,
      7.5,
      1.4,
      4.7,
      7.5
    ],
    "initial_probabilities": [
      0.6958,
      0.1789,
      0.1252
    ],
    "current_probabilities": [
      0.6958,
      0.1789,
      0.1252,
      0.6736,
      0.2006,
      0.1257
    ],
    "initial_return_rate": 0.9394,
    "current_return_rate": 0.9394,
    "initial_kelly": [
      0.93,
      1.01,
      0.91
    ],
    "current_kelly": [
      0.93,
      1.01,
      0.91,
      0.96,
      0.91,
      0.91
    ]
  },
  "SNAI": {
    "initial_odds": [
      1.3,
      5.25,
      8.0
    ],
    "current_odds": [
      1.3,
      5.25,
      8.0,
      1.35,
      4.6,
      7.25
    ],
    "initial_probabilities": [
      0.7092,
      0.17559999999999998,
      0.1152
    ],
    "current_probabilities": [
      0.7092,
      0.17559999999999998,
      0.1152,
      0.6758,
      0.19829999999999998,
      0.1258
    ],
    "initial_return_rate": 0.9218999999999999,
    "current_return_rate": 0.9218999999999999,
    "initial_kelly": [
      0.89,
      1.01,
      0.97
    ],
    "current_kelly": [
      0.89,
      1.01,
      0.97,
      0.93,
      0.89,
      0.88
    ]
  },
  "皇冠": {
    "initial_odds": [
      1.34,
      4.9,
      7.6
    ],
    "current_odds": [
      1.34,
      4.9,
      7.6,
      1.36,
      4.85,
      7.1
    ],
    "initial_probabilities": [
      0.6898000000000001,
      0.1886,
      0.1216
    ],
    "current_probabilities": [
      0.6898000000000001,
      0.1886,
      0.1216,
      0.6794,
      0.1905,
      0.1301
    ],
    "initial_return_rate": 0.9243000000000001,
    "current_return_rate": 0.9243000000000001,
    "initial_kelly": [
      0.92,
      0.95,
      0.92
    ],
    "current_kelly": [
      0.92,
      0.95,
      0.92,
      0.93,
      0.94,
      0.86
    ]
  },
  "易胜博": {
    "initial_odds": [
      1.34,
      5.3,
      7.6
    ],
    "current_odds": [
      1.34,
      5.3,
      7.6,
      1.38,
      5.0,
      7.0
    ],
    "initial_probabilities": [
      0.6997,
      0.1769,
      0.1234
    ],
    "current_probabilities": [
      0.6997,
      0.1769,
      0.1234,
      0.6788,
      0.18739999999999998,
      0.1338
    ],
    "initial_return_rate": 0.9376000000000001,
    "current_return_rate": 0.9376000000000001,
    "initial_kelly": [
      0.92,
      1.02,
      0.92
    ],
    "current_kelly": [
      0.92,
      1.02,
      0.92,
      0.95,
      0.97,
      0.85
    ]
  },
  "伟德": {
    "initial_odds": [
      1.29,
      5.5,
      9.5
    ],
    "current_odds": [
      1.29,
      5.5,
      9.5,
      1.36,
      4.75,
      8.0
    ],
    "initial_probabilities": [
      0.7297,
      0.17120000000000002,
      0.09910000000000001
    ],
    "current_probabilities": [
      0.7297,
      0.17120000000000002,
      0.09910000000000001,
      0.6867,
      0.1966,
      0.1167
    ],
    "initial_return_rate": 0.9414,
    "current_return_rate": 0.9414,
    "initial_kelly": [
      0.88,
      1.06,
      1.15
    ],
    "current_kelly": [
      0.88,
      1.06,
      1.15,
      0.93,
      0.92,
      0.97
    ]
  },
  "Bwin": {
    "initial_odds": [
      1.36,
      5.5,
      7.5
    ],
    "current_odds": [
      1.36,
      5.5,
      7.5,
      1.39,
      4.8,
      7.75
    ],
    "initial_probabilities": [
      0.7,
      0.17309999999999998,
      0.12689999999999999
    ],
    "current_probabilities": [
      0.7,
      0.17309999999999998,
      0.12689999999999999,
      0.6808,
      0.1971,
      0.12210000000000001
    ],
    "initial_return_rate": 0.9520000000000001,
    "current_return_rate": 0.9520000000000001,
    "initial_kelly": [
      0.93,
      1.06,
      0.91
    ],
    "current_kelly": [
      0.93,
      1.06,
      0.91,
      0.95,
      0.93,
      0.94
    ]
  },
  "Pinnacle平博": {
    "initial_odds": [
      1.29,
      5.45,
      9.05
    ],
    "current_odds": [
      1.29,
      5.45,
      9.05,
      1.36,
      5.0,
      8.28
    ],
    "initial_probabilities": [
      0.725,
      0.1716,
      0.1033
    ],
    "current_probabilities": [
      0.725,
      0.1716,
      0.1033,
      0.6962999999999999,
      0.1894,
      0.1144
    ],