{
  "威廉希尔": {
    "initial_odds": [
      21.0,
      7.0,
      1.14
    ],
    "current_odds": [
      21.0,
      7.0,
      1.14,
      21.0,
      8.5,
      1.11
    ],
    "initial_probabilities": [
      0.0446,
      0.1338,
      0.8216
    ],
    "current_probabilities": [
      0.0446,
      0.1338,
      0.8216,
      0.0447,
      0.1103,
      0.845
    ],
    "initial_return_rate": 0.9366,
    "current_return_rate": 0.9366,
    "initial_kelly": [
      0.98,
      0.72,
      0.97
    ],
    "current_kelly": [
      0.98,
      0.72,
      0.97,
      0.98,
      0.87,
      0.94
    ]
  },
  "澳门": {
    "initial_odds": [
      11.0,
      6.3,
      1.12
    ],
    "current_odds": [
      11.0,
      6.3,
      1.12,
      11.0,
      6.3,
      1.12
    ],
    "initial_probabilities": [
      0.0796,
      0.1389,
      0.7815000000000001
    ],
    "current_probabilities": [
      0.0796,
      0.1389,
      0.7815000000000001,
      0.0796,
      0.1389,
      0.7815000000000001
    ],
    "initial_return_rate": 0.8753,
    "current_return_rate": 0.8753,
    "initial_kelly": [
      0.51,
      0.64,
      0.95
    ],
    "current_kelly": [
      0.51,
      0.64,
      0.95,
      0.51,
      0.64,
      0.95
    ]
  },
  "立博": {
    "initial_odds": [
      13.0,
      7.0,
      1.13
    ],
    "current_odds": [
      13.0,
      7.0,
      1.13,
      17.0,
      8.5,
      1.09
    ],
    "initial_probabilities": [
      0.0696,
      0.1293,
      0.8011
    ],
    "current_probabilities": [
      0.0696,
      0.1293,
      0.8011,
      0.0538,
      0.1075,
      0.8387
    ],
    "initial_return_rate": 0.9052,
    "current_return_rate": 0.9052,
    "initial_kelly": [
      0.61,
      0.72,
      0.96
    ],
    "current_kelly": [
      0.61,
      0.72,
      0.96,
      0.79,
      0.87,
      0.93
    ]
  },
  "Bet365": {
    "initial_odds": [
      17.0,
      6.0,
      1.18
    ],
    "current_odds": [
      17.0,
      6.0,
      1.18,
      21.0,
      8.5,
      1.1
    ],
    "initial_probabilities": [
      0.0548,
      0.1553,
      0.7898000000000001
    ],
    "current_probabilities": [
      0.0548,
      0.1553,
      0.7898000000000001,
      0.0443,
      0.10949999999999999,
      0.8462000000000001
    ],
    "initial_return_rate": 0.932,
    "current_return_rate": 0.932,
    "initial_kelly": [
      0.79,
      0.61,
      1.0
    ],
    "current_kelly": [
      0.79,
      0.61,
      1.0,
      0.98,
      0.87,
      0.94
    ]
  },
  "Interwetten": {
    "initial_odds": [
      19.0,
      7.5,
      1.15
    ],
    "current_odds": [
      19.0,
      7.5,
      1.15,
      19.0,
      9.0,
      1.12
    ],
    "initial_probabilities": [
      0.0499,
      0.1263,
      0.8238
    ],
    "current_probabilities": [
      0.0499,
      0.1263,
      0.8238,
      0.049800000000000004,
      0.1052,
      0.845
    ],
    "initial_return_rate": 0.9473999999999999,
    "current_return_rate": 0.9473999999999999,
    "initial_kelly": [
      0.89,
      0.77,
      0.98
    ],
    "current_kelly": [
      0.89,
      0.77,
      0.98,
      0.89,
      0.92,
      0.95
    ]
  },
  "SNAI": {
    "initial_odds": [
      15.0,
      5.75,
      1.19
    ],
    "current_odds": [
      15.0,
      5.75,
      1.19,
      20.0,
      9.0,
      1.1
    ],
    "initial_probabilities": [
      0.0617,
      0.1609,
      0.7774
    ],
    "current_probabilities": [
      0.0617,
      0.1609,
      0.7774,
      0.0467,
      0.1038,
      0.8495
    ],
    "initial_return_rate": 0.9251,
    "current_return_rate": 0.9251,
    "initial_kelly": [
      0.7,
      0.59,
      1.01
    ],
    "current_kelly": [
      0.7,
      0.59,
      1.01,
      0.93,
      0.92,
      0.94
    ]
  },
  "皇冠": {
    "initial_odds": [
      11.5,
      6.4,
      1.14
    ],
    "current_odds": [
      11.5,
      6.4,
      1.14,
      19.5,
      9.9,
      1.11
    ],
    "initial_probabilities": [
      0.0776,
      0.13949999999999999,
      0.7829
    ],
    "current_probabilities": [
      0.0776,
      0.13949999999999999,
      0.7829,
      0.0487,
      0.0959,
      0.8554
    ],
    "initial_return_rate": 0.8925,
    "current_return_rate": 0.8925,
    "initial_kelly": [
      0.54,
      0.65,
      0.97
    ],
    "current_kelly": [
      0.54,
      0.65,
      0.97,
      0.91,
      1.01,
      0.94
    ]
  },
  "易胜博": {
    "initial_odds": [
      17.0,
      6.4,
      1.17
    ],
    "current_odds": [
      17.0,
      6.4,
      1.17,
      20.0,
      9.9,
      1.11
    ],
    "initial_probabilities": [
      0.055,
      0.1461,
      0.799
    ],
    "current_probabilities": [
      0.055,
      0.1461,
      0.799,
      0.0475,
      0.096,
      0.8564
    ],
    "initial_return_rate": 0.9348000000000001,
    "current_return_rate": 0.9348000000000001,
    "initial_kelly": [
      0.79,
      0.65,
      1.0
    ],
    "current_kelly": [
      0.79,
      0.65,
      1.0,
      0.93,
      1.01,
      0.94
    ]
  },
  "伟德": {
    "initial_odds": [
      13.0,
      6.0,
      1.14
    ],
    "current_odds": [
      13.0,
      6.0,
      1.14,
      17.0,
      8.0,
      1.07
    ],
    "initial_probabilities": [
      0.06860000000000001,
      0.1487,
      0.7827
    ],
    "current_probabilities": [
      0.06860000000000001,
      0.1487,
      0.7827,
      0.0526,
      0.1118,
      0.8356
    ],
    "initial_return_rate": 0.8922,
    "current_return_rate": 0.8922,
    "initial_kelly": [
      0.61,
      0.61,
      0.97
    ],
    "current_kelly": [
      0.61,
      0.61,
      0.97,
      0.79,
      0.82,
      0.91
    ]
  },
  "Bwin": {
    "initial_odds": [
      15.0,
      7.5,
      1.14
    ],
    "current_odds": [
      15.0,
      7.5,
      1.14,
      19.0,
      9.5,
      1.1
    ],
    "initial_probabilities": [
      0.061900000000000004,
      0.12380000000000001,
      0.8143
    ],
    "current_probabilities": [
      0.061900000000000004,
      0.12380000000000001,
      0.8143,
      0.0493,
      0.0987,
      0.852
    ],
    "initial_return_rate": 0.9283,
    "current_return_rate": 0.9283,
    "initial_kelly": [
      0.7,
      0.77,
      0.97
    ],
    "current_kelly": [
      0.7,
      0.77,
      0.97,
      0.89,
      0.97,
      0.94
    ]
  },
  "Pinnacle平博": {
    "initial_odds": [
      16.23,
      8.94,
      1.11
    ],
    "current_odds": [
      16.23,
      8.94,
      1.11,
      25.16,
      10.26,
      1.1
    ],
    "initial_probabilities": [
      0.057300000000000004,
      0.1041,
      0.8384999999999999
    ],
    "current_probabilities": [
      0.057300000000000004,
      0.1041,
      0.8384999999999999,
      0.038,
      0.0932,
      0.8689
    ],
    "initial_return_rate": 0.9308,
    "current_return_rate": 0.9308,
    "initial_kelly": [
      0.76,
      0.91,
      0.94
    ],
    "current_kelly": [
      0.76,
      0.91,
      0.94,
      1.17,
      1.05,
      0.94
    ]
  },
  "10BET": {
    "initial_odds": [
      18.0,
      7.2,
      1.14
    ],
    "current_odds": [
      18.0,
      7.2,
      1.14,
      25.0,
      9.25,
      1.1
    ],
    "initial_probabilities": [
      0.0518,
      0.12960000000000002,
      0.8186
    ],
    "current_probabilities": [
      0.0518,
      0.12960000000000002,
      0.8186,
      0.0378,
      0.1023,
      0.8599
    ],
    "initial_return_rate": 0.9331999999999999,