{
  "竞彩官方": {
    "initial_odds": [
      1.78,
      3.6,
      3.45
    ],
    "current_odds": [
      1.78,
      3.6,
      3.45,
      1.78,
      3.6,
      3.45
    ],
    "initial_probabilities": [
      0.4974,
      0.2459,
      0.2566
    ],
    "current_probabilities": [
      0.4974,
      0.2459,
      0.2566,
      0.4974,
      0.2459,
      0.2566
    ],
    "initial_return_rate": 0.8854000000000001,
    "current_return_rate": 0.8854000000000001,
    "initial_kelly": [
      0.82,
      0.92,
      0.98
    ],
    "current_kelly": [
      0.82,
      0.92,
      0.98,
      0.82,
      0.92,
      0.98
    ]
  },
  "威廉希尔": {
    "initial_odds": [
      2.05,
      3.3,
      3.4
    ],
    "current_odds": [
      2.05,
      3.3,
      3.4,
      2.05,
      3.6,
      3.2
    ],
    "initial_probabilities": [
      0.4496,
      0.2793,
      0.2711
    ],
    "current_probabilities": [
      0.4496,
      0.2793,
      0.2711,
      0.4525,
      0.2577,
      0.2899
    ],
    "initial_return_rate": 0.9217,
    "current_return_rate": 0.9217,
    "initial_kelly": [
      0.94,
      0.84,
      0.97
    ],
    "current_kelly": [
      0.94,
      0.84,
      0.97,
      0.94,
      0.92,
      0.91
    ]
  },
  "澳门": {
    "initial_odds": [
      1.97,
      3.5,
      3.11
    ],
    "current_odds": [
      1.97,
      3.5,
      3.11,
      2.01,
      3.5,
      3.02
    ],
    "initial_probabilities": [
      0.45530000000000004,
      0.2563,
      0.2884
    ],
    "current_probabilities": [
      0.45530000000000004,
      0.2563,
      0.2884,
      0.4465,
      0.2564,
      0.29710000000000003
    ],
    "initial_return_rate": 0.897,
    "current_return_rate": 0.897,
    "initial_kelly": [
      0.9,
      0.89,
      0.89
    ],
    "current_kelly": [
      0.9,
      0.89,
      0.89,
      0.92,
      0.89,
      0.86
    ]
  },
  "立博": {
    "initial_odds": [
      2.05,
      3.4,
      3.0
    ],
    "current_odds": [
      2.05,
      3.4,
      3.0,
      1.95,
      3.5,
      3.1
    ],
    "initial_probabilities": [
      0.4374,
      0.2637,
      0.2989
    ],
    "current_probabilities": [
      0.4374,
      0.2637,
      0.2989,
      0.45740000000000003,
      0.2548,
      0.2877
    ],
    "initial_return_rate": 0.8967,
    "current_return_rate": 0.8967,
    "initial_kelly": [
      0.94,
      0.87,
      0.86
    ],
    "current_kelly": [
      0.94,
      0.87,
      0.86,
      0.9,
      0.89,
      0.88
    ]
  },
  "Bet365": {
    "initial_odds": [
      2.0,
      3.75,
      3.5
    ],
    "current_odds": [
      2.0,
      3.75,
      3.5,
      2.0,
      3.7,
      3.5
    ],
    "initial_probabilities": [
      0.47509999999999997,
      0.2534,
      0.27149999999999996
    ],
    "current_probabilities": [
      0.47509999999999997,
      0.2534,
      0.27149999999999996,
      0.47350000000000003,
      0.2559,
      0.2706
    ],
    "initial_return_rate": 0.9501999999999999,
    "current_return_rate": 0.9501999999999999,
    "initial_kelly": [
      0.92,
      0.96,
      1.0
    ],
    "current_kelly": [
      0.92,
      0.96,
      1.0,
      0.92,
      0.95,
      1.0
    ]
  },
  "Interwetten": {
    "initial_odds": [
      2.1,
      3.6,
      3.25
    ],
    "current_odds": [
      2.1,
      3.6,
      3.25,
      2.1,
      3.7,
      3.25
    ],
    "initial_probabilities": [
      0.4485,
      0.2616,
      0.2898
    ],
    "current_probabilities": [
      0.4485,
      0.2616,
      0.2898,
      0.4517,
      0.2564,
      0.2919
    ],
    "initial_return_rate": 0.9419,
    "current_return_rate": 0.9419,
    "initial_kelly": [
      0.96,
      0.92,
      0.93
    ],
    "current_kelly": [
      0.96,
      0.92,
      0.93,
      0.96,
      0.95,
      0.93
    ]
  },
  "SNAI": {
    "initial_odds": [
      1.97,
      3.7,
      3.35
    ],
    "current_odds": [
      1.97,
      3.7,
      3.35,
      2.0,
      3.6,
      3.25
    ],
    "initial_probabilities": [
      0.47159999999999996,
      0.2511,
      0.2773
    ],
    "current_probabilities": [
      0.47159999999999996,
      0.2511,
      0.2773,
      0.4606,
      0.2559,
      0.28350000000000003
    ],
    "initial_return_rate": 0.929,
    "current_return_rate": 0.929,
    "initial_kelly": [
      0.9,
      0.95,
      0.96
    ],
    "current_kelly": [
      0.9,
      0.95,
      0.96,
      0.92,
      0.92,
      0.93
    ]
  },
  "皇冠": {
    "initial_odds": [
      2.08,
      3.9,
      3.25
    ],
    "current_odds": [
      2.08,
      3.9,
      3.25,
      2.08,
      3.85,
      3.35
    ],
    "initial_probabilities": [
      0.46009999999999995,
      0.24539999999999998,
      0.2945
    ],
    "current_probabilities": [
      0.46009999999999995,
      0.24539999999999998,
      0.2945,
      0.46270000000000006,
      0.25,
      0.2873
    ],
    "initial_return_rate": 0.9571,
    "current_return_rate": 0.9571,
    "initial_kelly": [
      0.96,
      1.0,
      0.93
    ],
    "current_kelly": [
      0.96,
      1.0,
      0.93,
      0.96,
      0.98,
      0.96
    ]
  },
  "易胜博": {
    "initial_odds": [
      2.05,
      3.7,
      3.4
    ],
    "current_odds": [
      2.05,
      3.7,
      3.4,
      2.08,
      3.7,
      3.4
    ],
    "initial_probabilities": [
      0.4636,
      0.2569,
      0.27949999999999997
    ],
    "current_probabilities": [
      0.4636,
      0.2569,
      0.27949999999999997,
      0.46,
      0.2586,
      0.2814
    ],
    "initial_return_rate": 0.9504,
    "current_return_rate": 0.9504,
    "initial_kelly": [
      0.94,
      0.95,
      0.97
    ],
    "current_kelly": [
      0.94,
      0.95,
      0.97,
      0.96,
      0.95,
      0.97
    ]
  },
  "伟德": {
    "initial_odds": [
      1.92,
      3.6,
      3.1
    ],
    "current_odds": [
      1.92,
      3.6,
      3.1,
      1.95,
      3.5,
      3.1
    ],
    "initial_probabilities": [
      0.4645,
      0.24780000000000002,
      0.2877
    ],
    "current_probabilities": [
      0.4645,
      0.24780000000000002,
      0.2877,
      0.45740000000000003,
      0.2548,
      0.2877
    ],
    "initial_return_rate": 0.8919,
    "current_return_rate": 0.8919,
    "initial_kelly": [
      0.88,
      0.92,
      0.88
    ],
    "current_kelly": [
      0.88,
      0.92,
      0.88,
      0.9,
      0.89,
      0.88
    ]
  },
  "Bwin": {
    "initial_odds": [
      2.1,
      3.7,
      3.2
    ],
    "current_odds": [
      2.1,
      3.7,
      3.2,
      2.0,
      3.75,
      3.4
    ],
    "initial_probabilities": [
      0.4497,
      0.2552,
      0.29510000000000003
    ],
    "current_probabilities": [
      0.4497,
      0.2552,
      0.29510000000000003,
      0.47130000000000005,
      0.2514,
      0.2773
    ],
    "initial_return_rate": 0.9443,
    "current_return_rate": 0.9443,
    "initial_kelly": [
      0.96,
      0.95,
      0.91
    ],
    "current_kelly": [
      0.96,
      0.95,
      0.91,
      0.92,
      0.96,
      0.97
    ]
  },
  "Pinnacle平博": {
    "initial_odds": [
      1.89,
      3.79,
      3.68
    ],
    "current_odds": [
      1.89,
      3.79,
      3.68,
      2.06,
      3.82,
      3.49
    ],
    "initial_probabilities": [
      0.49700000000000005,
      0.24780000000000002,
      0.2552
    ],