{
  "竞彩官方": {
    "initial_odds": [
      1.2,
      5.3,
      9.4
    ],
    "current_odds": [
      1.2,
      5.3,
      9.4,
      1.19,
      5.4,
      9.75
    ],
    "initial_probabilities": [
      0.7384999999999999,
      0.1672,
      0.0943
    ],
    "current_probabilities": [
      0.7384999999999999,
      0.1672,
      0.0943,
      0.7448999999999999,
      0.1642,
      0.0909
    ],
    "initial_return_rate": 0.8862000000000001,
    "current_return_rate": 0.8862000000000001,
    "initial_kelly": [
      0.88,
      0.88,
      0.95
    ],
    "current_kelly": [
      0.88,
      0.88,
      0.95,
      0.87,
      0.9,
      0.99
    ]
  },
  "威廉希尔": {
    "initial_odds": [
      1.3,
      5.0,
      10.0
    ],
    "current_odds": [
      1.3,
      5.0,
      10.0,
      1.3,
      5.0,
      9.5
    ],
    "initial_probabilities": [
      0.7193999999999999,
      0.18710000000000002,
      0.0935
    ],
    "current_probabilities": [
      0.7193999999999999,
      0.18710000000000002,
      0.0935,
      0.7159,
      0.1861,
      0.098
    ],
    "initial_return_rate": 0.9353,
    "current_return_rate": 0.9353,
    "initial_kelly": [
      0.95,
      0.83,
      1.01
    ],
    "current_kelly": [
      0.95,
      0.83,
      1.01,
      0.95,
      0.83,
      0.96
    ]
  },
  "澳门": {
    "initial_odds": [
      1.23,
      5.5,
      8.5
    ],
    "current_odds": [
      1.23,
      5.5,
      8.5,
      1.23,
      5.5,
      8.5
    ],
    "initial_probabilities": [
      0.7308,
      0.1634,
      0.1058
    ],
    "current_probabilities": [
      0.7308,
      0.1634,
      0.1058,
      0.7308,
      0.1634,
      0.1058
    ],
    "initial_return_rate": 0.8989,
    "current_return_rate": 0.8989,
    "initial_kelly": [
      0.9,
      0.91,
      0.86
    ],
    "current_kelly": [
      0.9,
      0.91,
      0.86,
      0.9,
      0.91,
      0.86
    ]
  },
  "立博": {
    "initial_odds": [
      1.3,
      5.5,
      9.0
    ],
    "current_odds": [
      1.3,
      5.5,
      9.0,
      1.28,
      5.75,
      9.5
    ],
    "initial_probabilities": [
      0.7242000000000001,
      0.17120000000000002,
      0.10460000000000001
    ],
    "current_probabilities": [
      0.7242000000000001,
      0.17120000000000002,
      0.10460000000000001,
      0.7367,
      0.16399999999999998,
      0.0993
    ],
    "initial_return_rate": 0.9415,
    "current_return_rate": 0.9415,
    "initial_kelly": [
      0.95,
      0.91,
      0.91
    ],
    "current_kelly": [
      0.95,
      0.91,
      0.91,
      0.94,
      0.95,
      0.96
    ]
  },
  "Bet365": {
    "initial_odds": [
      1.3,
      6.0,
      7.5
    ],
    "current_odds": [
      1.3,
      6.0,
      7.5,
      1.3,
      5.75,
      8.0
    ],
    "initial_probabilities": [
      0.7193999999999999,
      0.1559,
      0.1247
    ],
    "current_probabilities": [
      0.7193999999999999,
      0.1559,
      0.1247,
      0.7202,
      0.1628,
      0.11699999999999999
    ],
    "initial_return_rate": 0.9353,
    "current_return_rate": 0.9353,
    "initial_kelly": [
      0.95,
      0.99,
      0.76
    ],
    "current_kelly": [
      0.95,
      0.99,
      0.76,
      0.95,
      0.95,
      0.81
    ]
  },
  "Interwetten": {
    "initial_odds": [
      1.3,
      5.75,
      8.25
    ],
    "current_odds": [
      1.3,
      5.75,
      8.25,
      1.3,
      6.0,
      8.75
    ],
    "initial_probabilities": [
      0.7227,
      0.1634,
      0.1139
    ],
    "current_probabilities": [
      0.7227,
      0.1634,
      0.1139,
      0.7325,
      0.15869999999999998,
      0.10880000000000001
    ],
    "initial_return_rate": 0.9395,
    "current_return_rate": 0.9395,
    "initial_kelly": [
      0.95,
      0.95,
      0.84
    ],
    "current_kelly": [
      0.95,
      0.95,
      0.84,
      0.95,
      0.99,
      0.89
    ]
  },
  "SNAI": {
    "initial_odds": [
      1.27,
      5.5,
      8.75
    ],
    "current_odds": [
      1.27,
      5.5,
      8.75,
      1.28,
      5.5,
      8.25
    ],
    "initial_probabilities": [
      0.7267,
      0.1678,
      0.10550000000000001
    ],
    "current_probabilities": [
      0.7267,
      0.1678,
      0.10550000000000001,
      0.7204999999999999,
      0.1677,
      0.1118
    ],
    "initial_return_rate": 0.9229,
    "current_return_rate": 0.9229,
    "initial_kelly": [
      0.93,
      0.91,
      0.89
    ],
    "current_kelly": [
      0.93,
      0.91,
      0.89,
      0.94,
      0.91,
      0.84
    ]
  },
  "皇冠": {
    "initial_odds": [
      1.3,
      5.8,
      9.0
    ],
    "current_odds": [
      1.3,
      5.8,
      9.0,
      1.32,
      5.7,
      8.3
    ],
    "initial_probabilities": [
      0.7306999999999999,
      0.1638,
      0.10550000000000001
    ],
    "current_probabilities": [
      0.7306999999999999,
      0.1638,
      0.10550000000000001,
      0.7191,
      0.16649999999999998,
      0.1144
    ],
    "initial_return_rate": 0.9499,
    "current_return_rate": 0.9499,
    "initial_kelly": [
      0.95,
      0.96,
      0.91
    ],
    "current_kelly": [
      0.95,
      0.96,
      0.91,
      0.97,
      0.94,
      0.84
    ]
  },
  "易胜博": {
    "initial_odds": [
      1.3,
      5.7,
      9.0
    ],
    "current_odds": [
      1.3,
      5.7,
      9.0,
      1.32,
      5.7,
      8.3
    ],
    "initial_probabilities": [
      0.7286,
      0.16620000000000001,
      0.1052
    ],
    "current_probabilities": [
      0.7286,
      0.16620000000000001,
      0.1052,
      0.7191,
      0.16649999999999998,
      0.1144
    ],
    "initial_return_rate": 0.9472,
    "current_return_rate": 0.9472,
    "initial_kelly": [
      0.95,
      0.94,
      0.91
    ],
    "current_kelly": [
      0.95,
      0.94,
      0.91,
      0.97,
      0.94,
      0.84
    ]
  },
  "伟德": {
    "initial_odds": [
      1.25,
      5.75,
      10.5
    ],
    "current_odds": [
      1.25,
      5.75,
      10.5,
      1.29,
      5.5,
      9.0
    ],
    "initial_probabilities": [
      0.7483,
      0.16269999999999998,
      0.0891
    ],
    "current_probabilities": [
      0.7483,
      0.16269999999999998,
      0.0891,
      0.7258,
      0.1702,
      0.10400000000000001
    ],
    "initial_return_rate": 0.9353,
    "current_return_rate": 0.9353,
    "initial_kelly": [
      0.92,
      0.95,
      1.06
    ],
    "current_kelly": [
      0.92,
      0.95,
      1.06,
      0.95,
      0.91,
      0.91
    ]
  },
  "Bwin": {
    "initial_odds": [
      1.32,
      5.5,
      9.25
    ],
    "current_odds": [
      1.32,
      5.5,
      9.25,
      1.29,
      5.75,
      9.5
    ],
    "initial_probabilities": [
      0.7232,
      0.1736,
      0.1032
    ],
    "current_probabilities": [
      0.7232,
      0.1736,
      0.1032,
      0.7352,
      0.1649,
      0.0998
    ],
    "initial_return_rate": 0.9547,
    "current_return_rate": 0.9547,
    "initial_kelly": [
      0.97,
      0.91,
      0.94
    ],
    "current_kelly": [
      0.97,
      0.91,
      0.94,
      0.95,
      0.95,
      0.96
    ]
  },
  "Pinnacle平博": {
    "initial_odds": [
      1.27,
      5.8,
      8.96
    ],
    "current_odds": [
      1.27,
      5.8,
      8.96,
      1.3,
      6.09,
      9.29
    ],
    "initial_probabilities": [
      0.7349,
      0.1609,
      0.1042
    ],