{
  "竞彩官方": {
    "initial_odds": [
      1.57,
      4.08,
      4.05
    ],
    "current_odds": [
      1.57,
      4.08,
      4.05,
      1.57,
      4.08,
      4.05
    ],
    "initial_probabilities": [
      0.5642,
      0.21710000000000002,
      0.2187
    ],
    "current_probabilities": [
      0.5642,
      0.21710000000000002,
      0.2187,
      0.5642,
      0.21710000000000002,
      0.2187
    ],
    "initial_return_rate": 0.8858,
    "current_return_rate": 0.8858,
    "initial_kelly": [
      0.87,
      0.9,
      0.92
    ],
    "current_kelly": [
      0.87,
      0.9,
      0.92,
      0.87,
      0.9,
      0.92
    ]
  },
  "威廉希尔": {
    "initial_odds": [
      1.6,
      4.4,
      5.0
    ],
    "current_odds": [
      1.6,
      4.4,
      5.0,
      1.73,
      4.2,
      4.2
    ],
    "initial_probabilities": [
      0.594,
      0.21600000000000003,
      0.19010000000000002
    ],
    "current_probabilities": [
      0.594,
      0.21600000000000003,
      0.19010000000000002,
      0.5483,
      0.22579999999999997,
      0.22579999999999997
    ],
    "initial_return_rate": 0.9503,
    "current_return_rate": 0.9503,
    "initial_kelly": [
      0.88,
      0.98,
      1.13
    ],
    "current_kelly": [
      0.88,
      0.98,
      1.13,
      0.96,
      0.93,
      0.95
    ]
  },
  "澳门": {
    "initial_odds": [
      1.63,
      4.25,
      3.85
    ],
    "current_odds": [
      1.63,
      4.25,
      3.85,
      1.72,
      4.25,
      3.45
    ],
    "initial_probabilities": [
      0.5534,
      0.21230000000000002,
      0.2343
    ],
    "current_probabilities": [
      0.5534,
      0.21230000000000002,
      0.2343,
      0.5254,
      0.2126,
      0.2619
    ],
    "initial_return_rate": 0.9020999999999999,
    "current_return_rate": 0.9020999999999999,
    "initial_kelly": [
      0.9,
      0.94,
      0.87
    ],
    "current_kelly": [
      0.9,
      0.94,
      0.87,
      0.95,
      0.94,
      0.78
    ]
  },
  "立博": {
    "initial_odds": [
      1.67,
      4.33,
      4.33
    ],
    "current_odds": [
      1.67,
      4.33,
      4.33,
      1.7,
      4.2,
      4.2
    ],
    "initial_probabilities": [
      0.5645,
      0.2177,
      0.2177
    ],
    "current_probabilities": [
      0.5645,
      0.2177,
      0.2177,
      0.5526,
      0.2237,
      0.2237
    ],
    "initial_return_rate": 0.9428,
    "current_return_rate": 0.9428,
    "initial_kelly": [
      0.92,
      0.96,
      0.98
    ],
    "current_kelly": [
      0.92,
      0.96,
      0.98,
      0.94,
      0.93,
      0.95
    ]
  },
  "Bet365": {
    "initial_odds": [
      1.66,
      4.75,
      4.0
    ],
    "current_odds": [
      1.66,
      4.75,
      4.0,
      1.73,
      4.5,
      4.0
    ],
    "initial_probabilities": [
      0.5667,
      0.1981,
      0.2352
    ],
    "current_probabilities": [
      0.5667,
      0.1981,
      0.2352,
      0.5504,
      0.2116,
      0.23800000000000002
    ],
    "initial_return_rate": 0.9408,
    "current_return_rate": 0.9408,
    "initial_kelly": [
      0.92,
      1.05,
      0.9
    ],
    "current_kelly": [
      0.92,
      1.05,
      0.9,
      0.96,
      1.0,
      0.9
    ]
  },
  "Interwetten": {
    "initial_odds": [
      1.57,
      4.5,
      5.25
    ],
    "current_odds": [
      1.57,
      4.5,
      5.25,
      1.7,
      4.5,
      4.2
    ],
    "initial_probabilities": [
      0.6068,
      0.21170000000000003,
      0.1815
    ],
    "current_probabilities": [
      0.6068,
      0.21170000000000003,
      0.1815,
      0.561,
      0.2119,
      0.2271
    ],
    "initial_return_rate": 0.9527,
    "current_return_rate": 0.9527,
    "initial_kelly": [
      0.87,
      1.0,
      1.19
    ],
    "current_kelly": [
      0.87,
      1.0,
      1.19,
      0.94,
      1.0,
      0.95
    ]
  },
  "SNAI": {
    "initial_odds": [
      1.7,
      4.25,
      4.25
    ],
    "current_odds": [
      1.7,
      4.25,
      4.25,
      1.7,
      4.25,
      4.1
    ],
    "initial_probabilities": [
      0.5556,
      0.22219999999999998,
      0.22219999999999998
    ],
    "current_probabilities": [
      0.5556,
      0.22219999999999998,
      0.22219999999999998,
      0.5511,
      0.22039999999999998,
      0.2285
    ],
    "initial_return_rate": 0.9444,
    "current_return_rate": 0.9444,
    "initial_kelly": [
      0.94,
      0.94,
      0.96
    ],
    "current_kelly": [
      0.94,
      0.94,
      0.96,
      0.94,
      0.94,
      0.93
    ]
  },
  "皇冠": {
    "initial_odds": [
      1.73,
      4.5,
      4.15
    ],
    "current_odds": [
      1.73,
      4.5,
      4.15,
      1.74,
      4.5,
      4.1
    ],
    "initial_probabilities": [
      0.5552,
      0.2134,
      0.2314
    ],
    "current_probabilities": [
      0.5552,
      0.2134,
      0.2314,
      0.5522,
      0.21350000000000002,
      0.2343
    ],
    "initial_return_rate": 0.9604,
    "current_return_rate": 0.9604,
    "initial_kelly": [
      0.96,
      1.0,
      0.94
    ],
    "current_kelly": [
      0.96,
      1.0,
      0.94,
      0.96,
      1.0,
      0.93
    ]
  },
  "易胜博": {
    "initial_odds": [
      1.74,
      4.5,
      4.2
    ],
    "current_odds": [
      1.74,
      4.5,
      4.2,
      1.73,
      4.5,
      4.0
    ],
    "initial_probabilities": [
      0.5553,
      0.2147,
      0.23
    ],
    "current_probabilities": [
      0.5553,
      0.2147,
      0.23,
      0.5504,
      0.2116,
      0.23800000000000002
    ],
    "initial_return_rate": 0.9662000000000001,
    "current_return_rate": 0.9662000000000001,
    "initial_kelly": [
      0.96,
      1.0,
      0.95
    ],
    "current_kelly": [
      0.96,
      1.0,
      0.95,
      0.96,
      1.0,
      0.9
    ]
  },
  "伟德": {
    "initial_odds": [
      1.55,
      4.33,
      5.0
    ],
    "current_odds": [
      1.55,
      4.33,
      5.0,
      1.7,
      4.2,
      4.33
    ],
    "initial_probabilities": [
      0.5995,
      0.2146,
      0.1859
    ],
    "current_probabilities": [
      0.5995,
      0.2146,
      0.1859,
      0.5564,
      0.22519999999999998,
      0.2184
    ],
    "initial_return_rate": 0.9293,
    "current_return_rate": 0.9293,
    "initial_kelly": [
      0.86,
      0.96,
      1.13
    ],
    "current_kelly": [
      0.86,
      0.96,
      1.13,
      0.94,
      0.93,
      0.98
    ]
  },
  "Bwin": {
    "initial_odds": [
      1.68,
      4.33,
      4.33
    ],
    "current_odds": [
      1.68,
      4.33,
      4.33,
      1.71,
      4.2,
      4.2
    ],
    "initial_probabilities": [
      0.5631,
      0.21850000000000003,
      0.21850000000000003
    ],
    "current_probabilities": [
      0.5631,
      0.21850000000000003,
      0.21850000000000003,
      0.5512,
      0.22440000000000002,
      0.22440000000000002
    ],
    "initial_return_rate": 0.946,
    "current_return_rate": 0.946,
    "initial_kelly": [
      0.93,
      0.96,
      0.98
    ],
    "current_kelly": [
      0.93,
      0.96,
      0.98,
      0.94,
      0.93,
      0.95
    ]
  },
  "Pinnacle平博": {
    "initial_odds": [
      1.58,
      4.47,
      4.74
    ],
    "current_odds": [
      1.58,
      4.47,
      4.74,
      1.74,
      4.34,
      4.31
    ],
    "initial_probabilities": [
      0.5928,
      0.2095,
      0.19760000000000003
    ],