{
  "竞彩官方": {
    "initial_odds": [
      3.2,
      2.84,
      2.15
    ],
    "current_odds": [
      3.2,
      2.84,
      2.15,
      3.5,
      2.84,
      2.04
    ],
    "initial_probabilities": [
      0.2766,
      0.31170000000000003,
      0.4117
    ],
    "current_probabilities": [
      0.2766,
      0.31170000000000003,
      0.4117,
      0.25329999999999997,
      0.3122,
      0.4346
    ],
    "initial_return_rate": 0.8852,
    "current_return_rate": 0.8852,
    "initial_kelly": [
      0.82,
      0.85,
      0.95
    ],
    "current_kelly": [
      0.82,
      0.85,
      0.95,
      0.9,
      0.85,
      0.9
    ]
  },
  "威廉希尔": {
    "initial_odds": [
      3.0,
      3.0,
      2.25
    ],
    "current_odds": [
      3.0,
      3.0,
      2.25,
      3.6,
      2.9,
      2.1
    ],
    "initial_probabilities": [
      0.3,
      0.3,
      0.4
    ],
    "current_probabilities": [
      0.3,
      0.3,
      0.4,
      0.2528,
      0.31379999999999997,
      0.4334
    ],
    "initial_return_rate": 0.9,
    "current_return_rate": 0.9,
    "initial_kelly": [
      0.77,
      0.9,
      1.0
    ],
    "current_kelly": [
      0.77,
      0.9,
      1.0,
      0.92,
      0.87,
      0.93
    ]
  },
  "澳门": {
    "initial_odds": [
      3.05,
      2.95,
      2.23
    ],
    "current_odds": [
      3.05,
      2.95,
      2.23,
      3.35,
      2.95,
      2.1
    ],
    "initial_probabilities": [
      0.294,
      0.3039,
      0.4021
    ],
    "current_probabilities": [
      0.294,
      0.3039,
      0.4021,
      0.268,
      0.3044,
      0.4276
    ],
    "initial_return_rate": 0.8966,
    "current_return_rate": 0.8966,
    "initial_kelly": [
      0.78,
      0.89,
      0.99
    ],
    "current_kelly": [
      0.78,
      0.89,
      0.99,
      0.86,
      0.89,
      0.93
    ]
  },
  "立博": {
    "initial_odds": [
      2.87,
      3.1,
      2.5
    ],
    "current_odds": [
      2.87,
      3.1,
      2.5,
      3.7,
      3.1,
      2.1
    ],
    "initial_probabilities": [
      0.32530000000000003,
      0.3012,
      0.3735
    ],
    "current_probabilities": [
      0.32530000000000003,
      0.3012,
      0.3735,
      0.2528,
      0.3017,
      0.4454
    ],
    "initial_return_rate": 0.9337000000000001,
    "current_return_rate": 0.9337000000000001,
    "initial_kelly": [
      0.74,
      0.93,
      1.11
    ],
    "current_kelly": [
      0.74,
      0.93,
      1.11,
      0.95,
      0.93,
      0.93
    ]
  },
  "Bet365": {
    "initial_odds": [
      3.1,
      3.3,
      2.25
    ],
    "current_odds": [
      3.1,
      3.3,
      2.25,
      3.75,
      3.3,
      2.1
    ],
    "initial_probabilities": [
      0.3015,
      0.2832,
      0.4153
    ],
    "current_probabilities": [
      0.3015,
      0.2832,
      0.4153,
      0.255,
      0.2897,
      0.45530000000000004
    ],
    "initial_return_rate": 0.9345,
    "current_return_rate": 0.9345,
    "initial_kelly": [
      0.8,
      0.99,
      1.0
    ],
    "current_kelly": [
      0.8,
      0.99,
      1.0,
      0.96,
      0.99,
      0.93
    ]
  },
  "Interwetten": {
    "initial_odds": [
      4.1,
      3.25,
      2.0
    ],
    "current_odds": [
      4.1,
      3.25,
      2.0,
      3.65,
      3.15,
      2.15
    ],
    "initial_probabilities": [
      0.23190000000000002,
      0.2926,
      0.4755
    ],
    "current_probabilities": [
      0.23190000000000002,
      0.2926,
      0.4755,
      0.2593,
      0.3005,
      0.44020000000000004
    ],
    "initial_return_rate": 0.9509000000000001,
    "current_return_rate": 0.9509000000000001,
    "initial_kelly": [
      1.05,
      0.98,
      0.89
    ],
    "current_kelly": [
      1.05,
      0.98,
      0.89,
      0.94,
      0.95,
      0.95
    ]
  },
  "SNAI": {
    "initial_odds": [
      3.1,
      3.2,
      2.2
    ],
    "current_odds": [
      3.1,
      3.2,
      2.2,
      3.7,
      3.1,
      2.05
    ],
    "initial_probabilities": [
      0.29600000000000004,
      0.2868,
      0.4172
    ],
    "current_probabilities": [
      0.29600000000000004,
      0.2868,
      0.4172,
      0.2501,
      0.2985,
      0.4514
    ],
    "initial_return_rate": 0.9177,
    "current_return_rate": 0.9177,
    "initial_kelly": [
      0.8,
      0.96,
      0.97
    ],
    "current_kelly": [
      0.8,
      0.96,
      0.97,
      0.95,
      0.93,
      0.91
    ]
  },
  "皇冠": {
    "initial_odds": [
      2.99,
      3.2,
      2.31
    ],
    "current_odds": [
      2.99,
      3.2,
      2.31,
      3.55,
      3.1,
      2.11
    ],
    "initial_probabilities": [
      0.3097,
      0.2894,
      0.40090000000000003
    ],
    "current_probabilities": [
      0.3097,
      0.2894,
      0.40090000000000003,
      0.2613,
      0.2992,
      0.4396
    ],
    "initial_return_rate": 0.9261,
    "current_return_rate": 0.9261,
    "initial_kelly": [
      0.77,
      0.96,
      1.02
    ],
    "current_kelly": [
      0.77,
      0.96,
      1.02,
      0.91,
      0.93,
      0.93
    ]
  },
  "易胜博": {
    "initial_odds": [
      3.3,
      3.1,
      2.3
    ],
    "current_odds": [
      3.3,
      3.1,
      2.3,
      3.8,
      3.1,
      2.11
    ],
    "initial_probabilities": [
      0.2858,
      0.3042,
      0.41
    ],
    "current_probabilities": [
      0.2858,
      0.3042,
      0.41,
      0.2483,
      0.3044,
      0.4472
    ],
    "initial_return_rate": 0.943,
    "current_return_rate": 0.943,
    "initial_kelly": [
      0.85,
      0.93,
      1.02
    ],
    "current_kelly": [
      0.85,
      0.93,
      1.02,
      0.98,
      0.93,
      0.93
    ]
  },
  "伟德": {
    "initial_odds": [
      3.0,
      3.0,
      2.2
    ],
    "current_odds": [
      3.0,
      3.0,
      2.2,
      3.5,
      3.0,
      2.0
    ],
    "initial_probabilities": [
      0.2973,
      0.2973,
      0.4054
    ],
    "current_probabilities": [
      0.2973,
      0.2973,
      0.4054,
      0.2553,
      0.2979,
      0.4468
    ],
    "initial_return_rate": 0.8919,
    "current_return_rate": 0.8919,
    "initial_kelly": [
      0.77,
      0.9,
      0.97
    ],
    "current_kelly": [
      0.77,
      0.9,
      0.97,
      0.9,
      0.9,
      0.89
    ]
  },
  "Bwin": {
    "initial_odds": [
      3.4,
      3.2,
      2.1
    ],
    "current_odds": [
      3.4,
      3.2,
      2.1,
      3.7,
      3.1,
      2.1
    ],
    "initial_probabilities": [
      0.2716,
      0.28859999999999997,
      0.43979999999999997
    ],
    "current_probabilities": [
      0.2716,
      0.28859999999999997,
      0.43979999999999997,
      0.2528,
      0.3017,
      0.4454
    ],
    "initial_return_rate": 0.9235,
    "current_return_rate": 0.9235,
    "initial_kelly": [
      0.87,
      0.96,
      0.93
    ],
    "current_kelly": [
      0.87,
      0.96,
      0.93,
      0.95,
      0.93,
      0.93
    ]
  },
  "Pinnacle平博": {
    "initial_odds": [
      3.36,
      3.13,
      2.25
    ],
    "current_odds": [
      3.36,
      3.13,
      2.25,
      3.92,
      3.16,
      2.04
    ],
    "initial_probabilities": [
      0.2804,
      0.301,
      0.41869999999999996
    ],
    "current_probabilities": [
      0.2804,
      0.301,
      0.41869999999999996,
      0.2403,
      0.298,
      0.4617
    ],
    "initial_return_rate": 0.9420000000000001,
    "current_return_rate": 0.9420000000000001,