{
  "竞彩官方": {
    "initial_odds": [
      2.7,
      3.5,
      2.12
    ],
    "current_odds": [
      2.7,
      3.5,
      2.12,
      2.65,
      3.5,
      2.15
    ],
    "initial_probabilities": [
      0.3284,
      0.25329999999999997,
      0.4183
    ],
    "current_probabilities": [
      0.3284,
      0.25329999999999997,
      0.4183,
      0.3345,
      0.25329999999999997,
      0.41229999999999994
    ],
    "initial_return_rate": 0.8867,
    "current_return_rate": 0.8867,
    "initial_kelly": [
      0.91,
      0.91,
      0.85
    ],
    "current_kelly": [
      0.91,
      0.91,
      0.85,
      0.89,
      0.91,
      0.87
    ]
  },
  "威廉希尔": {
    "initial_odds": [
      2.63,
      3.3,
      2.45
    ],
    "current_odds": [
      2.63,
      3.3,
      2.45,
      2.8,
      3.6,
      2.38
    ],
    "initial_probabilities": [
      0.34840000000000004,
      0.2776,
      0.374
    ],
    "current_probabilities": [
      0.34840000000000004,
      0.2776,
      0.374,
      0.3385,
      0.2633,
      0.3982
    ],
    "initial_return_rate": 0.9162,
    "current_return_rate": 0.9162,
    "initial_kelly": [
      0.88,
      0.86,
      0.99
    ],
    "current_kelly": [
      0.88,
      0.86,
      0.99,
      0.94,
      0.94,
      0.96
    ]
  },
  "澳门": {
    "initial_odds": [
      2.59,
      3.7,
      2.19
    ],
    "current_odds": [
      2.59,
      3.7,
      2.19,
      2.52,
      3.7,
      2.24
    ],
    "initial_probabilities": [
      0.3469,
      0.24280000000000002,
      0.4103
    ],
    "current_probabilities": [
      0.3469,
      0.24280000000000002,
      0.4103,
      0.3564,
      0.2427,
      0.40090000000000003
    ],
    "initial_return_rate": 0.8985,
    "current_return_rate": 0.8985,
    "initial_kelly": [
      0.87,
      0.96,
      0.88
    ],
    "current_kelly": [
      0.87,
      0.96,
      0.88,
      0.85,
      0.96,
      0.9
    ]
  },
  "立博": {
    "initial_odds": [
      2.9,
      3.5,
      2.25
    ],
    "current_odds": [
      2.9,
      3.5,
      2.25,
      2.75,
      3.6,
      2.37
    ],
    "initial_probabilities": [
      0.3208,
      0.2658,
      0.41340000000000005
    ],
    "current_probabilities": [
      0.3208,
      0.2658,
      0.41340000000000005,
      0.342,
      0.2612,
      0.3968
    ],
    "initial_return_rate": 0.9301999999999999,
    "current_return_rate": 0.9301999999999999,
    "initial_kelly": [
      0.98,
      0.91,
      0.91
    ],
    "current_kelly": [
      0.98,
      0.91,
      0.91,
      0.93,
      0.94,
      0.96
    ]
  },
  "Bet365": {
    "initial_odds": [
      2.63,
      3.4,
      2.55
    ],
    "current_odds": [
      2.63,
      3.4,
      2.55,
      2.88,
      3.6,
      2.35
    ],
    "initial_probabilities": [
      0.3565,
      0.2758,
      0.3677
    ],
    "current_probabilities": [
      0.3565,
      0.2758,
      0.3677,
      0.33049999999999996,
      0.2644,
      0.40509999999999996
    ],
    "initial_return_rate": 0.9376000000000001,
    "current_return_rate": 0.9376000000000001,
    "initial_kelly": [
      0.88,
      0.89,
      1.03
    ],
    "current_kelly": [
      0.88,
      0.89,
      1.03,
      0.97,
      0.94,
      0.95
    ]
  },
  "Interwetten": {
    "initial_odds": [
      2.65,
      3.45,
      2.6
    ],
    "current_odds": [
      2.65,
      3.45,
      2.6,
      2.9,
      3.65,
      2.3
    ],
    "initial_probabilities": [
      0.3588,
      0.2756,
      0.3657
    ],
    "current_probabilities": [
      0.3588,
      0.2756,
      0.3657,
      0.3273,
      0.26,
      0.4127
    ],
    "initial_return_rate": 0.9506999999999999,
    "current_return_rate": 0.9506999999999999,
    "initial_kelly": [
      0.89,
      0.9,
      1.05
    ],
    "current_kelly": [
      0.89,
      0.9,
      1.05,
      0.98,
      0.95,
      0.93
    ]
  },
  "SNAI": {
    "initial_odds": [
      2.8,
      3.7,
      2.25
    ],
    "current_odds": [
      2.8,
      3.7,
      2.25,
      2.75,
      3.55,
      2.35
    ],
    "initial_probabilities": [
      0.3332,
      0.2522,
      0.4146
    ],
    "current_probabilities": [
      0.3332,
      0.2522,
      0.4146,
      0.3396,
      0.2631,
      0.39740000000000003
    ],
    "initial_return_rate": 0.9329999999999999,
    "current_return_rate": 0.9329999999999999,
    "initial_kelly": [
      0.94,
      0.96,
      0.91
    ],
    "current_kelly": [
      0.94,
      0.96,
      0.91,
      0.93,
      0.92,
      0.95
    ]
  },
  "皇冠": {
    "initial_odds": [
      2.9,
      3.9,
      2.26
    ],
    "current_odds": [
      2.9,
      3.9,
      2.26,
      2.85,
      3.75,
      2.29
    ],
    "initial_probabilities": [
      0.33039999999999997,
      0.2457,
      0.4239
    ],
    "current_probabilities": [
      0.33039999999999997,
      0.2457,
      0.4239,
      0.3328,
      0.253,
      0.4142
    ],
    "initial_return_rate": 0.9581000000000001,
    "current_return_rate": 0.9581000000000001,
    "initial_kelly": [
      0.98,
      1.02,
      0.91
    ],
    "current_kelly": [
      0.98,
      1.02,
      0.91,
      0.96,
      0.98,
      0.92
    ]
  },
  "易胜博": {
    "initial_odds": [
      2.8,
      3.9,
      2.5
    ],
    "current_odds": [
      2.8,
      3.9,
      2.5,
      2.9,
      3.6,
      2.35
    ],
    "initial_probabilities": [
      0.35240000000000005,
      0.253,
      0.3947
    ],
    "current_probabilities": [
      0.35240000000000005,
      0.253,
      0.3947,
      0.32899999999999996,
      0.265,
      0.406
    ],
    "initial_return_rate": 0.9865999999999999,
    "current_return_rate": 0.9865999999999999,
    "initial_kelly": [
      0.94,
      1.02,
      1.01
    ],
    "current_kelly": [
      0.94,
      1.02,
      1.01,
      0.98,
      0.94,
      0.95
    ]
  },
  "伟德": {
    "initial_odds": [
      2.7,
      3.4,
      2.2
    ],
    "current_odds": [
      2.7,
      3.4,
      2.2,
      2.63,
      3.5,
      2.2
    ],
    "initial_probabilities": [
      0.331,
      0.26280000000000003,
      0.40619999999999995
    ],
    "current_probabilities": [
      0.331,
      0.26280000000000003,
      0.40619999999999995,
      0.3393,
      0.255,
      0.4057
    ],
    "initial_return_rate": 0.8936,
    "current_return_rate": 0.8936,
    "initial_kelly": [
      0.91,
      0.89,
      0.89
    ],
    "current_kelly": [
      0.91,
      0.89,
      0.89,
      0.88,
      0.91,
      0.89
    ]
  },
  "Bwin": {
    "initial_odds": [
      2.95,
      3.5,
      2.3
    ],
    "current_odds": [
      2.95,
      3.5,
      2.3,
      2.8,
      3.6,
      2.35
    ],
    "initial_probabilities": [
      0.32,
      0.2697,
      0.4104
    ],
    "current_probabilities": [
      0.32,
      0.2697,
      0.4104,
      0.3368,
      0.2619,
      0.40130000000000005
    ],
    "initial_return_rate": 0.9439,
    "current_return_rate": 0.9439,
    "initial_kelly": [
      0.99,
      0.91,
      0.93
    ],
    "current_kelly": [
      0.99,
      0.91,
      0.93,
      0.94,
      0.94,
      0.95
    ]
  },
  "Pinnacle平博": {
    "initial_odds": [
      2.68,
      3.41,
      2.54
    ],
    "current_odds": [
      2.68,
      3.41,
      2.54,
      2.88,
      3.81,
      2.36
    ],
    "initial_probabilities": [
      0.35200000000000004,
      0.2766,
      0.3714
    ],