{
  "竞彩官方": {
    "initial_odds": [
      1.8,
      3.2,
      3.82
    ],
    "current_odds": [
      1.8,
      3.2,
      3.82,
      1.75,
      3.26,
      3.98
    ],
    "initial_probabilities": [
      0.4917,
      0.2766,
      0.23170000000000002
    ],
    "current_probabilities": [
      0.4917,
      0.2766,
      0.23170000000000002,
      0.5059,
      0.2716,
      0.2225
    ],
    "initial_return_rate": 0.8851,
    "current_return_rate": 0.8851,
    "initial_kelly": [
      0.9,
      0.86,
      0.88
    ],
    "current_kelly": [
      0.9,
      0.86,
      0.88,
      0.88,
      0.88,
      0.91
    ]
  },
  "威廉希尔": {
    "initial_odds": [
      1.91,
      3.5,
      3.9
    ],
    "current_odds": [
      1.91,
      3.5,
      3.9,
      1.85,
      3.6,
      4.0
    ],
    "initial_probabilities": [
      0.4913,
      0.2681,
      0.24059999999999998
    ],
    "current_probabilities": [
      0.4913,
      0.2681,
      0.24059999999999998,
      0.506,
      0.26,
      0.23399999999999999
    ],
    "initial_return_rate": 0.9384,
    "current_return_rate": 0.9384,
    "initial_kelly": [
      0.96,
      0.94,
      0.9
    ],
    "current_kelly": [
      0.96,
      0.94,
      0.9,
      0.93,
      0.97,
      0.92
    ]
  },
  "澳门": {
    "initial_odds": [
      1.95,
      3.32,
      3.32
    ],
    "current_odds": [
      1.95,
      3.32,
      3.32,
      1.85,
      3.3,
      3.7
    ],
    "initial_probabilities": [
      0.4598,
      0.2701,
      0.2701
    ],
    "current_probabilities": [
      0.4598,
      0.2701,
      0.2701,
      0.4853,
      0.2721,
      0.2426
    ],
    "initial_return_rate": 0.8967,
    "current_return_rate": 0.8967,
    "initial_kelly": [
      0.98,
      0.89,
      0.76
    ],
    "current_kelly": [
      0.98,
      0.89,
      0.76,
      0.93,
      0.89,
      0.85
    ]
  },
  "立博": {
    "initial_odds": [
      1.85,
      3.3,
      3.5
    ],
    "current_odds": [
      1.85,
      3.3,
      3.5,
      1.8,
      3.25,
      3.9
    ],
    "initial_probabilities": [
      0.47869999999999996,
      0.2683,
      0.253
    ],
    "current_probabilities": [
      0.47869999999999996,
      0.2683,
      0.253,
      0.4962,
      0.2748,
      0.22899999999999998
    ],
    "initial_return_rate": 0.8855,
    "current_return_rate": 0.8855,
    "initial_kelly": [
      0.93,
      0.89,
      0.8
    ],
    "current_kelly": [
      0.93,
      0.89,
      0.8,
      0.9,
      0.88,
      0.9
    ]
  },
  "Bet365": {
    "initial_odds": [
      1.9,
      3.5,
      4.0
    ],
    "current_odds": [
      1.9,
      3.5,
      4.0,
      1.83,
      3.5,
      4.33
    ],
    "initial_probabilities": [
      0.49560000000000004,
      0.26899999999999996,
      0.2354
    ],
    "current_probabilities": [
      0.49560000000000004,
      0.26899999999999996,
      0.2354,
      0.514,
      0.2688,
      0.21719999999999998
    ],
    "initial_return_rate": 0.9416,
    "current_return_rate": 0.9416,
    "initial_kelly": [
      0.95,
      0.94,
      0.92
    ],
    "current_kelly": [
      0.95,
      0.94,
      0.92,
      0.92,
      0.94,
      1.0
    ]
  },
  "Interwetten": {
    "initial_odds": [
      1.9,
      3.45,
      3.75
    ],
    "current_odds": [
      1.9,
      3.45,
      3.75,
      1.9,
      3.3,
      4.0
    ],
    "initial_probabilities": [
      0.4861,
      0.2677,
      0.2463
    ],
    "current_probabilities": [
      0.4861,
      0.2677,
      0.2463,
      0.4876,
      0.2808,
      0.2316
    ],
    "initial_return_rate": 0.9235,
    "current_return_rate": 0.9235,
    "initial_kelly": [
      0.95,
      0.93,
      0.86
    ],
    "current_kelly": [
      0.95,
      0.93,
      0.86,
      0.95,
      0.89,
      0.92
    ]
  },
  "SNAI": {
    "initial_odds": [
      1.85,
      3.4,
      3.75
    ],
    "current_odds": [
      1.85,
      3.4,
      3.75,
      1.83,
      3.45,
      4.0
    ],
    "initial_probabilities": [
      0.49079999999999996,
      0.2671,
      0.2421
    ],
    "current_probabilities": [
      0.49079999999999996,
      0.2671,
      0.2421,
      0.503,
      0.2668,
      0.23010000000000003
    ],
    "initial_return_rate": 0.9079999999999999,
    "current_return_rate": 0.9079999999999999,
    "initial_kelly": [
      0.93,
      0.92,
      0.86
    ],
    "current_kelly": [
      0.93,
      0.92,
      0.86,
      0.92,
      0.93,
      0.92
    ]
  },
  "皇冠": {
    "initial_odds": [
      2.05,
      3.45,
      3.3
    ],
    "current_odds": [
      2.05,
      3.45,
      3.3,
      1.89,
      3.35,
      3.95
    ],
    "initial_probabilities": [
      0.4514,
      0.2682,
      0.2804
    ],
    "current_probabilities": [
      0.4514,
      0.2682,
      0.2804,
      0.48960000000000004,
      0.2762,
      0.23420000000000002
    ],
    "initial_return_rate": 0.9253,
    "current_return_rate": 0.9253,
    "initial_kelly": [
      1.03,
      0.93,
      0.76
    ],
    "current_kelly": [
      1.03,
      0.93,
      0.76,
      0.95,
      0.9,
      0.91
    ]
  },
  "易胜博": {
    "initial_odds": [
      1.95,
      3.4,
      3.9
    ],
    "current_odds": [
      1.95,
      3.4,
      3.9,
      1.89,
      3.4,
      4.0
    ],
    "initial_probabilities": [
      0.48229999999999995,
      0.2766,
      0.24109999999999998
    ],
    "current_probabilities": [
      0.48229999999999995,
      0.2766,
      0.24109999999999998,
      0.493,
      0.2741,
      0.2329
    ],
    "initial_return_rate": 0.9404,
    "current_return_rate": 0.9404,
    "initial_kelly": [
      0.98,
      0.92,
      0.9
    ],
    "current_kelly": [
      0.98,
      0.92,
      0.9,
      0.95,
      0.92,
      0.92
    ]
  },
  "伟德": {
    "initial_odds": [
      1.87,
      3.5,
      3.9
    ],
    "current_odds": [
      1.87,
      3.5,
      3.9,
      1.83,
      3.5,
      4.2
    ],
    "initial_probabilities": [
      0.4966,
      0.26530000000000004,
      0.23809999999999998
    ],
    "current_probabilities": [
      0.4966,
      0.26530000000000004,
      0.23809999999999998,
      0.5106,
      0.267,
      0.2225
    ],
    "initial_return_rate": 0.9286,
    "current_return_rate": 0.9286,
    "initial_kelly": [
      0.94,
      0.94,
      0.9
    ],
    "current_kelly": [
      0.94,
      0.94,
      0.9,
      0.92,
      0.94,
      0.97
    ]
  },
  "Bwin": {
    "initial_odds": [
      1.9,
      3.5,
      3.75
    ],
    "current_odds": [
      1.9,
      3.5,
      3.75,
      1.85,
      3.4,
      4.2
    ],
    "initial_probabilities": [
      0.4879,
      0.26489999999999997,
      0.24719999999999998
    ],
    "current_probabilities": [
      0.4879,
      0.26489999999999997,
      0.24719999999999998,
      0.5039,
      0.2742,
      0.22190000000000001
    ],
    "initial_return_rate": 0.927,
    "current_return_rate": 0.927,
    "initial_kelly": [
      0.95,
      0.94,
      0.86
    ],
    "current_kelly": [
      0.95,
      0.94,
      0.86,
      0.93,
      0.92,
      0.97
    ]
  },
  "Pinnacle平博": {
    "initial_odds": [
      1.88,
      3.7,
      3.8
    ],
    "current_odds": [
      1.88,
      3.7,
      3.8,
      1.88,
      3.57,
      4.44
    ],
    "initial_probabilities": [
      0.4993,
      0.25370000000000004,
      0.247
    ],