{
  "威廉希尔": {
    "initial_odds": [
      1.22,
      6.5,
      11.0
    ],
    "current_odds": [
      1.22,
      6.5,
      11.0,
      1.2,
      7.0,
      12.0
    ],
    "initial_probabilities": [
      0.7701,
      0.1445,
      0.08539999999999999
    ],
    "current_probabilities": [
      0.7701,
      0.1445,
      0.08539999999999999,
      0.7865000000000001,
      0.1348,
      0.0787
    ],
    "initial_return_rate": 0.9395,
    "current_return_rate": 0.9395,
    "initial_kelly": [
      0.97,
      0.83,
      0.86
    ],
    "current_kelly": [
      0.97,
      0.83,
      0.86,
      0.95,
      0.9,
      0.93
    ]
  },
  "澳门": {
    "initial_odds": [
      1.12,
      7.5,
      13.0
    ],
    "current_odds": [
      1.12,
      7.5,
      13.0,
      1.12,
      7.5,
      13.0
    ],
    "initial_probabilities": [
      0.8094,
      0.1209,
      0.0697
    ],
    "current_probabilities": [
      0.8094,
      0.1209,
      0.0697,
      0.8094,
      0.1209,
      0.0697
    ],
    "initial_return_rate": 0.9065000000000001,
    "current_return_rate": 0.9065000000000001,
    "initial_kelly": [
      0.89,
      0.96,
      1.01
    ],
    "current_kelly": [
      0.89,
      0.96,
      1.01,
      0.89,
      0.96,
      1.01
    ]
  },
  "立博": {
    "initial_odds": [
      1.18,
      7.5,
      13.0
    ],
    "current_odds": [
      1.18,
      7.5,
      13.0,
      1.2,
      7.0,
      12.0
    ],
    "initial_probabilities": [
      0.8012,
      0.1261,
      0.0727
    ],
    "current_probabilities": [
      0.8012,
      0.1261,
      0.0727,
      0.7865000000000001,
      0.1348,
      0.0787
    ],
    "initial_return_rate": 0.9454,
    "current_return_rate": 0.9454,
    "initial_kelly": [
      0.94,
      0.96,
      1.01
    ],
    "current_kelly": [
      0.94,
      0.96,
      1.01,
      0.95,
      0.9,
      0.93
    ]
  },
  "Bet365": {
    "initial_odds": [
      1.2,
      6.5,
      13.0
    ],
    "current_odds": [
      1.2,
      6.5,
      13.0,
      1.2,
      8.0,
      10.0
    ],
    "initial_probabilities": [
      0.7831,
      0.1446,
      0.0723
    ],
    "current_probabilities": [
      0.7831,
      0.1446,
      0.0723,
      0.7874,
      0.11810000000000001,
      0.09449999999999999
    ],
    "initial_return_rate": 0.9398000000000001,
    "current_return_rate": 0.9398000000000001,
    "initial_kelly": [
      0.95,
      0.83,
      1.01
    ],
    "current_kelly": [
      0.95,
      0.83,
      1.01,
      0.95,
      1.03,
      0.78
    ]
  },
  "Interwetten": {
    "initial_odds": [
      1.22,
      7.5,
      11.0
    ],
    "current_odds": [
      1.22,
      7.5,
      11.0,
      1.2,
      7.5,
      13.0
    ],
    "initial_probabilities": [
      0.7852,
      0.1277,
      0.08710000000000001
    ],
    "current_probabilities": [
      0.7852,
      0.1277,
      0.08710000000000001,
      0.7985,
      0.1278,
      0.0737
    ],
    "initial_return_rate": 0.9579000000000001,
    "current_return_rate": 0.9579000000000001,
    "initial_kelly": [
      0.97,
      0.96,
      0.86
    ],
    "current_kelly": [
      0.97,
      0.96,
      0.86,
      0.95,
      0.96,
      1.01
    ]
  },
  "SNAI": {
    "initial_odds": [
      1.16,
      7.75,
      12.0
    ],
    "current_odds": [
      1.16,
      7.75,
      12.0,
      1.18,
      7.5,
      11.0
    ],
    "initial_probabilities": [
      0.8023,
      0.1201,
      0.0776
    ],
    "current_probabilities": [
      0.8023,
      0.1201,
      0.0776,
      0.7908,
      0.1244,
      0.0848
    ],
    "initial_return_rate": 0.9307,
    "current_return_rate": 0.9307,
    "initial_kelly": [
      0.92,
      0.99,
      0.93
    ],
    "current_kelly": [
      0.92,
      0.99,
      0.93,
      0.94,
      0.96,
      0.86
    ]
  },
  "皇冠": {
    "initial_odds": [
      1.18,
      8.1,
      14.0
    ],
    "current_odds": [
      1.18,
      8.1,
      14.0,
      1.2,
      7.6,
      13.0
    ],
    "initial_probabilities": [
      0.813,
      0.1184,
      0.06849999999999999
    ],
    "current_probabilities": [
      0.813,
      0.1184,
      0.06849999999999999,
      0.7998999999999999,
      0.1263,
      0.0738
    ],
    "initial_return_rate": 0.9594,
    "current_return_rate": 0.9594,
    "initial_kelly": [
      0.94,
      1.04,
      1.09
    ],
    "current_kelly": [
      0.94,
      1.04,
      1.09,
      0.95,
      0.97,
      1.01
    ]
  },
  "易胜博": {
    "initial_odds": [
      1.18,
      8.0,
      12.0
    ],
    "current_odds": [
      1.18,
      8.0,
      12.0,
      1.2,
      8.0,
      10.0
    ],
    "initial_probabilities": [
      0.8027,
      0.1184,
      0.0789
    ],
    "current_probabilities": [
      0.8027,
      0.1184,
      0.0789,
      0.7874,
      0.11810000000000001,
      0.09449999999999999
    ],
    "initial_return_rate": 0.9472,
    "current_return_rate": 0.9472,
    "initial_kelly": [
      0.94,
      1.03,
      0.93
    ],
    "current_kelly": [
      0.94,
      1.03,
      0.93,
      0.95,
      1.03,
      0.78
    ]
  },
  "伟德": {
    "initial_odds": [
      1.18,
      7.0,
      11.5
    ],
    "current_odds": [
      1.18,
      7.0,
      11.5,
      1.18,
      7.5,
      13.0
    ],
    "initial_probabilities": [
      0.7867000000000001,
      0.1326,
      0.08070000000000001
    ],
    "current_probabilities": [
      0.7867000000000001,
      0.1326,
      0.08070000000000001,
      0.8012,
      0.1261,
      0.0727
    ],
    "initial_return_rate": 0.9283,
    "current_return_rate": 0.9283,
    "initial_kelly": [
      0.94,
      0.9,
      0.9
    ],
    "current_kelly": [
      0.94,
      0.9,
      0.9,
      0.94,
      0.96,
      1.01
    ]
  },
  "Bwin": {
    "initial_odds": [
      1.18,
      7.75,
      14.0
    ],
    "current_odds": [
      1.18,
      7.75,
      14.0,
      1.2,
      7.25,
      12.5
    ],
    "initial_probabilities": [
      0.8087000000000001,
      0.1231,
      0.0682
    ],
    "current_probabilities": [
      0.8087000000000001,
      0.1231,
      0.0682,
      0.7927,
      0.13119999999999998,
      0.0761
    ],
    "initial_return_rate": 0.9543,
    "current_return_rate": 0.9543,
    "initial_kelly": [
      0.94,
      0.99,
      1.09
    ],
    "current_kelly": [
      0.94,
      0.99,
      1.09,
      0.95,
      0.93,
      0.97
    ]
  },
  "Pinnacle平博": {
    "initial_odds": [
      1.15,
      8.18,
      12.16
    ],
    "current_odds": [
      1.15,
      8.18,
      12.16,
      1.2,
      8.13,
      11.72
    ],
    "initial_probabilities": [
      0.8096,
      0.11380000000000001,
      0.0766
    ],
    "current_probabilities": [
      0.8096,
      0.11380000000000001,
      0.0766,
      0.8,
      0.11810000000000001,
      0.0819
    ],
    "initial_return_rate": 0.9311,
    "current_return_rate": 0.9311,
    "initial_kelly": [
      0.91,
      1.05,
      0.95
    ],
    "current_kelly": [
      0.91,
      1.05,
      0.95,
      0.95,
      1.04,
      0.91
    ]
  },
  "10BET": {
    "initial_odds": [
      1.22,
      7.0,
      9.8
    ],
    "current_odds": [
      1.22,
      7.0,
      9.8,
      1.21,
      6.8,
      12.0
    ],
    "initial_probabilities": [
      0.77,
      0.13419999999999999,
      0.0959
    ],
    "current_probabilities": [
      0.77,
      0.13419999999999999,
      0.0959,
      0.782,
      0.1391,
      0.0789
    ],