{
  "竞彩官方": {
    "initial_odds": [
      1.25,
      5.0,
      7.8
    ],
    "current_odds": [
      1.25,
      5.0,
      7.8,
      1.31,
      4.75,
      6.45
    ],
    "initial_probabilities": [
      0.7091,
      0.1773,
      0.11359999999999999
    ],
    "current_probabilities": [
      0.7091,
      0.1773,
      0.11359999999999999,
      0.6762,
      0.1865,
      0.1373
    ],
    "initial_return_rate": 0.8864,
    "current_return_rate": 0.8864,
    "initial_kelly": [
      0.83,
      0.97,
      1.07
    ],
    "current_kelly": [
      0.83,
      0.97,
      1.07,
      0.88,
      0.92,
      0.89
    ]
  },
  "威廉希尔": {
    "initial_odds": [
      1.35,
      4.8,
      7.5
    ],
    "current_odds": [
      1.35,
      4.8,
      7.5,
      1.44,
      4.6,
      6.5
    ],
    "initial_probabilities": [
      0.6843,
      0.1925,
      0.1232
    ],
    "current_probabilities": [
      0.6843,
      0.1925,
      0.1232,
      0.6516,
      0.204,
      0.1444
    ],
    "initial_return_rate": 0.9239,
    "current_return_rate": 0.9239,
    "initial_kelly": [
      0.9,
      0.93,
      1.03
    ],
    "current_kelly": [
      0.9,
      0.93,
      1.03,
      0.96,
      0.9,
      0.89
    ]
  },
  "澳门": {
    "initial_odds": [
      1.28,
      5.15,
      7.5
    ],
    "current_odds": [
      1.28,
      5.15,
      7.5,
      1.36,
      4.5,
      6.5
    ],
    "initial_probabilities": [
      0.7045999999999999,
      0.1751,
      0.12029999999999999
    ],
    "current_probabilities": [
      0.7045999999999999,
      0.1751,
      0.12029999999999999,
      0.6616,
      0.2,
      0.1384
    ],
    "initial_return_rate": 0.9018999999999999,
    "current_return_rate": 0.9018999999999999,
    "initial_kelly": [
      0.86,
      1.0,
      1.03
    ],
    "current_kelly": [
      0.86,
      1.0,
      1.03,
      0.91,
      0.88,
      0.89
    ]
  },
  "立博": {
    "initial_odds": [
      1.3,
      6.0,
      8.5
    ],
    "current_odds": [
      1.3,
      6.0,
      8.5,
      1.44,
      4.6,
      6.5
    ],
    "initial_probabilities": [
      0.7301000000000001,
      0.1582,
      0.1117
    ],
    "current_probabilities": [
      0.7301000000000001,
      0.1582,
      0.1117,
      0.6516,
      0.204,
      0.1444
    ],
    "initial_return_rate": 0.9492,
    "current_return_rate": 0.9492,
    "initial_kelly": [
      0.87,
      1.17,
      1.17
    ],
    "current_kelly": [
      0.87,
      1.17,
      1.17,
      0.96,
      0.9,
      0.89
    ]
  },
  "Bet365": {
    "initial_odds": [
      1.36,
      5.0,
      8.5
    ],
    "current_odds": [
      1.36,
      5.0,
      8.5,
      1.44,
      5.0,
      6.25
    ],
    "initial_probabilities": [
      0.6983,
      0.18989999999999999,
      0.1117
    ],
    "current_probabilities": [
      0.6983,
      0.18989999999999999,
      0.1117,
      0.6586,
      0.18969999999999998,
      0.1517
    ],
    "initial_return_rate": 0.9497,
    "current_return_rate": 0.9497,
    "initial_kelly": [
      0.91,
      0.97,
      1.17
    ],
    "current_kelly": [
      0.91,
      0.97,
      1.17,
      0.96,
      0.97,
      0.86
    ]
  },
  "Interwetten": {
    "initial_odds": [
      1.33,
      5.5,
      8.25
    ],
    "current_odds": [
      1.33,
      5.5,
      8.25,
      1.43,
      4.9,
      6.75
    ],
    "initial_probabilities": [
      0.7127,
      0.1724,
      0.1149
    ],
    "current_probabilities": [
      0.7127,
      0.1724,
      0.1149,
      0.665,
      0.1941,
      0.1409
    ],
    "initial_return_rate": 0.9479000000000001,
    "current_return_rate": 0.9479000000000001,
    "initial_kelly": [
      0.89,
      1.07,
      1.13
    ],
    "current_kelly": [
      0.89,
      1.07,
      1.13,
      0.96,
      0.95,
      0.93
    ]
  },
  "SNAI": {
    "initial_odds": [
      1.35,
      5.0,
      7.5
    ],
    "current_odds": [
      1.35,
      5.0,
      7.5,
      1.4,
      4.9,
      6.75
    ],
    "initial_probabilities": [
      0.6897,
      0.1862,
      0.1241
    ],
    "current_probabilities": [
      0.6897,
      0.1862,
      0.1241,
      0.6697,
      0.19140000000000001,
      0.1389
    ],
    "initial_return_rate": 0.9309999999999999,
    "current_return_rate": 0.9309999999999999,
    "initial_kelly": [
      0.9,
      0.97,
      1.03
    ],
    "current_kelly": [
      0.9,
      0.97,
      1.03,
      0.94,
      0.95,
      0.93
    ]
  },
  "皇冠": {
    "initial_odds": [
      1.36,
      5.5,
      8.0
    ],
    "current_odds": [
      1.36,
      5.5,
      8.0,
      1.45,
      4.9,
      6.7
    ],
    "initial_probabilities": [
      0.7056,
      0.1745,
      0.1199
    ],
    "current_probabilities": [
      0.7056,
      0.1745,
      0.1199,
      0.6612,
      0.1957,
      0.1431
    ],
    "initial_return_rate": 0.9595999999999999,
    "current_return_rate": 0.9595999999999999,
    "initial_kelly": [
      0.91,
      1.07,
      1.1
    ],
    "current_kelly": [
      0.91,
      1.07,
      1.1,
      0.97,
      0.95,
      0.92
    ]
  },
  "易胜博": {
    "initial_odds": [
      1.33,
      5.5,
      7.5
    ],
    "current_odds": [
      1.33,
      5.5,
      7.5,
      1.44,
      5.0,
      6.3
    ],
    "initial_probabilities": [
      0.7045999999999999,
      0.1704,
      0.125
    ],
    "current_probabilities": [
      0.7045999999999999,
      0.1704,
      0.125,
      0.6594,
      0.18989999999999999,
      0.1507
    ],
    "initial_return_rate": 0.9372,
    "current_return_rate": 0.9372,
    "initial_kelly": [
      0.89,
      1.07,
      1.03
    ],
    "current_kelly": [
      0.89,
      1.07,
      1.03,
      0.96,
      0.97,
      0.87
    ]
  },
  "伟德": {
    "initial_odds": [
      1.29,
      4.75,
      7.5
    ],
    "current_odds": [
      1.29,
      4.75,
      7.5,
      1.36,
      4.33,
      6.5
    ],
    "initial_probabilities": [
      0.6927,
      0.1881,
      0.1191
    ],
    "current_probabilities": [
      0.6927,
      0.1881,
      0.1191,
      0.6565000000000001,
      0.20620000000000002,
      0.1374
    ],
    "initial_return_rate": 0.8936,
    "current_return_rate": 0.8936,
    "initial_kelly": [
      0.86,
      0.92,
      1.03
    ],
    "current_kelly": [
      0.86,
      0.92,
      1.03,
      0.91,
      0.84,
      0.89
    ]
  },
  "Bwin": {
    "initial_odds": [
      1.3,
      6.0,
      8.75
    ],
    "current_odds": [
      1.3,
      6.0,
      8.75,
      1.44,
      4.75,
      6.75
    ],
    "initial_probabilities": [
      0.7325,
      0.15869999999999998,
      0.10880000000000001
    ],
    "current_probabilities": [
      0.7325,
      0.15869999999999998,
      0.10880000000000001,
      0.6594,
      0.1999,
      0.1407
    ],
    "initial_return_rate": 0.9521999999999999,
    "current_return_rate": 0.9521999999999999,
    "initial_kelly": [
      0.87,
      1.17,
      1.2
    ],
    "current_kelly": [
      0.87,
      1.17,
      1.2,
      0.96,
      0.92,
      0.93
    ]
  },
  "Pinnacle平博": {
    "initial_odds": [
      1.41,
      4.68,
      6.78
    ],
    "current_odds": [
      1.41,
      4.68,
      6.78,
      1.43,
      5.08,
      6.78
    ],
    "initial_probabilities": [
      0.6626000000000001,
      0.1996,
      0.1378
    ],
    "current_probabilities": [
      0.6626000000000001,
      0.1996,
      0.1378,
      0.6701,
      0.1886,
      0.1413
    ],