{
  "竞彩官方": {
    "initial_odds": [
      1.33,
      4.1,
      7.5
    ],
    "current_odds": [
      1.33,
      4.1,
      7.5,
      1.33,
      4.1,
      7.5
    ],
    "initial_probabilities": [
      0.6659,
      0.21600000000000003,
      0.11810000000000001
    ],
    "current_probabilities": [
      0.6659,
      0.21600000000000003,
      0.11810000000000001,
      0.6659,
      0.21600000000000003,
      0.11810000000000001
    ],
    "initial_return_rate": 0.8856,
    "current_return_rate": 0.8856,
    "initial_kelly": [
      0.86,
      0.93,
      0.93
    ],
    "current_kelly": [
      0.86,
      0.93,
      0.93,
      0.86,
      0.93,
      0.93
    ]
  },
  "威廉希尔": {
    "initial_odds": [
      1.4,
      4.6,
      8.0
    ],
    "current_odds": [
      1.4,
      4.6,
      8.0,
      1.44,
      4.0,
      7.5
    ],
    "initial_probabilities": [
      0.6759999999999999,
      0.2057,
      0.1183
    ],
    "current_probabilities": [
      0.6759999999999999,
      0.2057,
      0.1183,
      0.6443000000000001,
      0.23199999999999998,
      0.12369999999999999
    ],
    "initial_return_rate": 0.9464,
    "current_return_rate": 0.9464,
    "initial_kelly": [
      0.91,
      1.04,
      0.99
    ],
    "current_kelly": [
      0.91,
      1.04,
      0.99,
      0.94,
      0.9,
      0.93
    ]
  },
  "澳门": {
    "initial_odds": [
      1.35,
      4.35,
      7.3
    ],
    "current_odds": [
      1.35,
      4.35,
      7.3,
      1.35,
      4.35,
      7.3
    ],
    "initial_probabilities": [
      0.6688,
      0.2076,
      0.12369999999999999
    ],
    "current_probabilities": [
      0.6688,
      0.2076,
      0.12369999999999999,
      0.6688,
      0.2076,
      0.12369999999999999
    ],
    "initial_return_rate": 0.9028,
    "current_return_rate": 0.9028,
    "initial_kelly": [
      0.88,
      0.98,
      0.9
    ],
    "current_kelly": [
      0.88,
      0.98,
      0.9,
      0.88,
      0.98,
      0.9
    ]
  },
  "立博": {
    "initial_odds": [
      1.4,
      4.4,
      7.5
    ],
    "current_odds": [
      1.4,
      4.4,
      7.5,
      1.48,
      4.0,
      7.0
    ],
    "initial_probabilities": [
      0.6645,
      0.2114,
      0.124
    ],
    "current_probabilities": [
      0.6645,
      0.2114,
      0.124,
      0.6323,
      0.23399999999999999,
      0.13369999999999999
    ],
    "initial_return_rate": 0.9303,
    "current_return_rate": 0.9303,
    "initial_kelly": [
      0.91,
      0.99,
      0.93
    ],
    "current_kelly": [
      0.91,
      0.99,
      0.93,
      0.96,
      0.9,
      0.87
    ]
  },
  "Bet365": {
    "initial_odds": [
      1.44,
      4.33,
      7.0
    ],
    "current_odds": [
      1.44,
      4.33,
      7.0,
      1.48,
      4.33,
      7.0
    ],
    "initial_probabilities": [
      0.6501,
      0.2162,
      0.13369999999999999
    ],
    "current_probabilities": [
      0.6501,
      0.2162,
      0.13369999999999999,
      0.6437999999999999,
      0.22010000000000002,
      0.1361
    ],
    "initial_return_rate": 0.9361,
    "current_return_rate": 0.9361,
    "initial_kelly": [
      0.94,
      0.98,
      0.87
    ],
    "current_kelly": [
      0.94,
      0.98,
      0.87,
      0.96,
      0.98,
      0.87
    ]
  },
  "Interwetten": {
    "initial_odds": [
      1.4,
      4.8,
      7.75
    ],
    "current_odds": [
      1.4,
      4.8,
      7.75,
      1.47,
      4.2,
      7.25
    ],
    "initial_probabilities": [
      0.6792,
      0.1981,
      0.12269999999999999
    ],
    "current_probabilities": [
      0.6792,
      0.1981,
      0.12269999999999999,
      0.644,
      0.2254,
      0.1306
    ],
    "initial_return_rate": 0.9509000000000001,
    "current_return_rate": 0.9509000000000001,
    "initial_kelly": [
      0.91,
      1.09,
      0.96
    ],
    "current_kelly": [
      0.91,
      1.09,
      0.96,
      0.96,
      0.95,
      0.9
    ]
  },
  "SNAI": {
    "initial_odds": [
      1.4,
      4.4,
      7.5
    ],
    "current_odds": [
      1.4,
      4.4,
      7.5,
      1.45,
      4.1,
      7.0
    ],
    "initial_probabilities": [
      0.6645,
      0.2114,
      0.124
    ],
    "current_probabilities": [
      0.6645,
      0.2114,
      0.124,
      0.6406999999999999,
      0.2266,
      0.13269999999999998
    ],
    "initial_return_rate": 0.9303,
    "current_return_rate": 0.9303,
    "initial_kelly": [
      0.91,
      0.99,
      0.93
    ],
    "current_kelly": [
      0.91,
      0.99,
      0.93,
      0.94,
      0.93,
      0.87
    ]
  },
  "皇冠": {
    "initial_odds": [
      1.43,
      4.55,
      8.2
    ],
    "current_odds": [
      1.43,
      4.55,
      8.2,
      1.49,
      4.3,
      7.1
    ],
    "initial_probabilities": [
      0.6717,
      0.21109999999999998,
      0.11710000000000001
    ],
    "current_probabilities": [
      0.6717,
      0.21109999999999998,
      0.11710000000000001,
      0.6425,
      0.22260000000000002,
      0.1348
    ],
    "initial_return_rate": 0.9606,
    "current_return_rate": 0.9606,
    "initial_kelly": [
      0.93,
      1.03,
      1.01
    ],
    "current_kelly": [
      0.93,
      1.03,
      1.01,
      0.97,
      0.97,
      0.88
    ]
  },
  "易胜博": {
    "initial_odds": [
      1.46,
      4.5,
      7.5
    ],
    "current_odds": [
      1.46,
      4.5,
      7.5,
      1.49,
      4.3,
      7.1
    ],
    "initial_probabilities": [
      0.6583,
      0.21359999999999998,
      0.1281
    ],
    "current_probabilities": [
      0.6583,
      0.21359999999999998,
      0.1281,
      0.6425,
      0.22260000000000002,
      0.1348
    ],
    "initial_return_rate": 0.9611,
    "current_return_rate": 0.9611,
    "initial_kelly": [
      0.95,
      1.02,
      0.93
    ],
    "current_kelly": [
      0.95,
      1.02,
      0.93,
      0.97,
      0.97,
      0.88
    ]
  },
  "伟德": {
    "initial_odds": [
      1.36,
      4.6,
      8.0
    ],
    "current_odds": [
      1.36,
      4.6,
      8.0,
      1.45,
      4.2,
      8.0
    ],
    "initial_probabilities": [
      0.6823,
      0.20170000000000002,
      0.11599999999999999
    ],
    "current_probabilities": [
      0.6823,
      0.20170000000000002,
      0.11599999999999999,
      0.6551,
      0.2262,
      0.11869999999999999
    ],
    "initial_return_rate": 0.9279000000000001,
    "current_return_rate": 0.9279000000000001,
    "initial_kelly": [
      0.88,
      1.04,
      0.99
    ],
    "current_kelly": [
      0.88,
      1.04,
      0.99,
      0.94,
      0.95,
      0.99
    ]
  },
  "Bwin": {
    "initial_odds": [
      1.42,
      4.5,
      7.75
    ],
    "current_odds": [
      1.42,
      4.5,
      7.75,
      1.49,
      4.1,
      7.25
    ],
    "initial_probabilities": [
      0.6672,
      0.21050000000000002,
      0.1222
    ],
    "current_probabilities": [
      0.6672,
      0.21050000000000002,
      0.1222,
      0.6374,
      0.2316,
      0.131
    ],
    "initial_return_rate": 0.9473999999999999,
    "current_return_rate": 0.9473999999999999,
    "initial_kelly": [
      0.92,
      1.02,
      0.96
    ],
    "current_kelly": [
      0.92,
      1.02,
      0.96,
      0.97,
      0.93,
      0.9
    ]
  },
  "Pinnacle平博": {
    "initial_odds": [
      1.34,
      4.87,
      8.41
    ],
    "current_odds": [
      1.34,
      4.87,
      8.41,
      1.5,
      4.25,
      7.74
    ],