{
  "竞彩官方": {
    "initial_odds": [
      1.84,
      3.55,
      3.3
    ],
    "current_odds": [
      1.84,
      3.55,
      3.3,
      1.84,
      3.55,
      3.3
    ],
    "initial_probabilities": [
      0.4817,
      0.24969999999999998,
      0.2686
    ],
    "current_probabilities": [
      0.4817,
      0.24969999999999998,
      0.2686,
      0.4817,
      0.24969999999999998,
      0.2686
    ],
    "initial_return_rate": 0.8864,
    "current_return_rate": 0.8864,
    "initial_kelly": [
      0.84,
      0.89,
      0.97
    ],
    "current_kelly": [
      0.84,
      0.89,
      0.97,
      0.84,
      0.89,
      0.97
    ]
  },
  "威廉希尔": {
    "initial_odds": [
      2.25,
      3.75,
      2.9
    ],
    "current_odds": [
      2.25,
      3.75,
      2.9,
      2.05,
      3.8,
      3.2
    ],
    "initial_probabilities": [
      0.42090000000000005,
      0.2525,
      0.32659999999999995
    ],
    "current_probabilities": [
      0.42090000000000005,
      0.2525,
      0.32659999999999995,
      0.4587,
      0.2475,
      0.2939
    ],
    "initial_return_rate": 0.9470000000000001,
    "current_return_rate": 0.9470000000000001,
    "initial_kelly": [
      1.02,
      0.94,
      0.85
    ],
    "current_kelly": [
      1.02,
      0.94,
      0.85,
      0.93,
      0.96,
      0.94
    ]
  },
  "澳门": {
    "initial_odds": [
      2.04,
      3.53,
      2.98
    ],
    "current_odds": [
      2.04,
      3.53,
      2.98,
      2.07,
      3.53,
      2.92
    ],
    "initial_probabilities": [
      0.442,
      0.2554,
      0.30260000000000004
    ],
    "current_probabilities": [
      0.442,
      0.2554,
      0.30260000000000004,
      0.4357,
      0.2555,
      0.30879999999999996
    ],
    "initial_return_rate": 0.9017000000000001,
    "current_return_rate": 0.9017000000000001,
    "initial_kelly": [
      0.93,
      0.89,
      0.88
    ],
    "current_kelly": [
      0.93,
      0.89,
      0.88,
      0.94,
      0.89,
      0.86
    ]
  },
  "立博": {
    "initial_odds": [
      2.1,
      3.7,
      3.2
    ],
    "current_odds": [
      2.1,
      3.7,
      3.2,
      2.05,
      3.7,
      3.2
    ],
    "initial_probabilities": [
      0.4497,
      0.2552,
      0.29510000000000003
    ],
    "current_probabilities": [
      0.4497,
      0.2552,
      0.29510000000000003,
      0.4556,
      0.2525,
      0.2919
    ],
    "initial_return_rate": 0.9443,
    "current_return_rate": 0.9443,
    "initial_kelly": [
      0.95,
      0.93,
      0.94
    ],
    "current_kelly": [
      0.95,
      0.93,
      0.94,
      0.93,
      0.93,
      0.94
    ]
  },
  "Bet365": {
    "initial_odds": [
      2.2,
      3.8,
      2.88
    ],
    "current_odds": [
      2.2,
      3.8,
      2.88,
      2.05,
      3.8,
      3.25
    ],
    "initial_probabilities": [
      0.4268,
      0.24710000000000001,
      0.3261
    ],
    "current_probabilities": [
      0.4268,
      0.24710000000000001,
      0.3261,
      0.4608,
      0.2486,
      0.29059999999999997
    ],
    "initial_return_rate": 0.9390000000000001,
    "current_return_rate": 0.9390000000000001,
    "initial_kelly": [
      1.0,
      0.96,
      0.85
    ],
    "current_kelly": [
      1.0,
      0.96,
      0.85,
      0.93,
      0.96,
      0.95
    ]
  },
  "Interwetten": {
    "initial_odds": [
      2.2,
      3.75,
      3.05
    ],
    "current_odds": [
      2.2,
      3.75,
      3.05,
      2.1,
      3.8,
      3.25
    ],
    "initial_probabilities": [
      0.43329999999999996,
      0.25420000000000004,
      0.3125
    ],
    "current_probabilities": [
      0.43329999999999996,
      0.25420000000000004,
      0.3125,
      0.4548,
      0.25129999999999997,
      0.2939
    ],
    "initial_return_rate": 0.9531999999999999,
    "current_return_rate": 0.9531999999999999,
    "initial_kelly": [
      1.0,
      0.94,
      0.9
    ],
    "current_kelly": [
      1.0,
      0.94,
      0.9,
      0.95,
      0.96,
      0.95
    ]
  },
  "SNAI": {
    "initial_odds": [
      1.9,
      3.85,
      3.45
    ],
    "current_odds": [
      1.9,
      3.85,
      3.45,
      2.05,
      3.75,
      3.2
    ],
    "initial_probabilities": [
      0.4892,
      0.2414,
      0.26940000000000003
    ],
    "current_probabilities": [
      0.4892,
      0.2414,
      0.26940000000000003,
      0.4572,
      0.24989999999999998,
      0.2929
    ],
    "initial_return_rate": 0.9294,
    "current_return_rate": 0.9294,
    "initial_kelly": [
      0.86,
      0.97,
      1.01
    ],
    "current_kelly": [
      0.86,
      0.97,
      1.01,
      0.93,
      0.94,
      0.94
    ]
  },
  "皇冠": {
    "initial_odds": [
      2.0,
      4.0,
      3.4
    ],
    "current_odds": [
      2.0,
      4.0,
      3.4,
      2.11,
      3.9,
      3.25
    ],
    "initial_probabilities": [
      0.4789,
      0.2394,
      0.2817
    ],
    "current_probabilities": [
      0.4789,
      0.2394,
      0.2817,
      0.45659999999999995,
      0.247,
      0.2964
    ],
    "initial_return_rate": 0.9577,
    "current_return_rate": 0.9577,
    "initial_kelly": [
      0.91,
      1.01,
      1.0
    ],
    "current_kelly": [
      0.91,
      1.01,
      1.0,
      0.96,
      0.98,
      0.95
    ]
  },
  "易胜博": {
    "initial_odds": [
      2.05,
      3.9,
      3.2
    ],
    "current_odds": [
      2.05,
      3.9,
      3.2,
      2.05,
      3.8,
      3.3
    ],
    "initial_probabilities": [
      0.46159999999999995,
      0.2426,
      0.2957
    ],
    "current_probabilities": [
      0.46159999999999995,
      0.2426,
      0.2957,
      0.4628,
      0.24969999999999998,
      0.2875
    ],
    "initial_return_rate": 0.9462999999999999,
    "current_return_rate": 0.9462999999999999,
    "initial_kelly": [
      0.93,
      0.98,
      0.94
    ],
    "current_kelly": [
      0.93,
      0.98,
      0.94,
      0.93,
      0.96,
      0.97
    ]
  },
  "伟德": {
    "initial_odds": [
      2.1,
      3.7,
      3.0
    ],
    "current_odds": [
      2.1,
      3.7,
      3.0,
      2.1,
      3.8,
      3.2
    ],
    "initial_probabilities": [
      0.441,
      0.2503,
      0.30870000000000003
    ],
    "current_probabilities": [
      0.441,
      0.2503,
      0.30870000000000003,
      0.45270000000000005,
      0.2502,
      0.29710000000000003
    ],
    "initial_return_rate": 0.9261,
    "current_return_rate": 0.9261,
    "initial_kelly": [
      0.95,
      0.93,
      0.88
    ],
    "current_kelly": [
      0.95,
      0.93,
      0.88,
      0.95,
      0.96,
      0.94
    ]
  },
  "Bwin": {
    "initial_odds": [
      2.1,
      3.75,
      3.2
    ],
    "current_odds": [
      2.1,
      3.75,
      3.2,
      2.1,
      3.7,
      3.25
    ],
    "initial_probabilities": [
      0.4512,
      0.2527,
      0.2961
    ],
    "current_probabilities": [
      0.4512,
      0.2527,
      0.2961,
      0.4517,
      0.2564,
      0.2919
    ],
    "initial_return_rate": 0.9475,
    "current_return_rate": 0.9475,
    "initial_kelly": [
      0.95,
      0.94,
      0.94
    ],
    "current_kelly": [
      0.95,
      0.94,
      0.94,
      0.95,
      0.93,
      0.95
    ]
  },
  "Pinnacle平博": {
    "initial_odds": [
      2.1,
      3.68,
      3.2
    ],
    "current_odds": [
      2.1,
      3.68,
      3.2,
      2.11,
      3.85,
      3.33
    ],