{
  "竞彩官方": {
    "initial_odds": [
      2.04,
      2.95,
      3.35
    ],
    "current_odds": [
      2.04,
      2.95,
      3.35,
      2.04,
      2.95,
      3.35
    ],
    "initial_probabilities": [
      0.4347,
      0.3006,
      0.2647
    ],
    "current_probabilities": [
      0.4347,
      0.3006,
      0.2647,
      0.4347,
      0.3006,
      0.2647
    ],
    "initial_return_rate": 0.8868,
    "current_return_rate": 0.8868,
    "initial_kelly": [
      0.84,
      0.89,
      0.96
    ],
    "current_kelly": [
      0.84,
      0.89,
      0.96,
      0.84,
      0.89,
      0.96
    ]
  },
  "威廉希尔": {
    "initial_odds": [
      2.15,
      3.0,
      3.4
    ],
    "current_odds": [
      2.15,
      3.0,
      3.4,
      2.3,
      2.9,
      3.25
    ],
    "initial_probabilities": [
      0.4257,
      0.30510000000000004,
      0.2692
    ],
    "current_probabilities": [
      0.4257,
      0.30510000000000004,
      0.2692,
      0.39990000000000003,
      0.3171,
      0.28300000000000003
    ],
    "initial_return_rate": 0.9153,
    "current_return_rate": 0.9153,
    "initial_kelly": [
      0.88,
      0.91,
      0.97
    ],
    "current_kelly": [
      0.88,
      0.91,
      0.97,
      0.95,
      0.88,
      0.93
    ]
  },
  "澳门": {
    "initial_odds": [
      2.23,
      3.01,
      3.05
    ],
    "current_odds": [
      2.23,
      3.01,
      3.05,
      2.25,
      3.01,
      3.0
    ],
    "initial_probabilities": [
      0.4045,
      0.29969999999999997,
      0.2958
    ],
    "current_probabilities": [
      0.4045,
      0.29969999999999997,
      0.2958,
      0.4004,
      0.2993,
      0.3003
    ],
    "initial_return_rate": 0.9020999999999999,
    "current_return_rate": 0.9020999999999999,
    "initial_kelly": [
      0.92,
      0.91,
      0.87
    ],
    "current_kelly": [
      0.92,
      0.91,
      0.87,
      0.93,
      0.91,
      0.86
    ]
  },
  "立博": {
    "initial_odds": [
      2.1,
      2.9,
      3.3
    ],
    "current_odds": [
      2.1,
      2.9,
      3.3,
      2.2,
      3.0,
      3.1
    ],
    "initial_probabilities": [
      0.4236,
      0.3068,
      0.2696
    ],
    "current_probabilities": [
      0.4236,
      0.3068,
      0.2696,
      0.4093,
      0.3002,
      0.2905
    ],
    "initial_return_rate": 0.8896,
    "current_return_rate": 0.8896,
    "initial_kelly": [
      0.86,
      0.88,
      0.94
    ],
    "current_kelly": [
      0.86,
      0.88,
      0.94,
      0.91,
      0.91,
      0.89
    ]
  },
  "Bet365": {
    "initial_odds": [
      2.2,
      3.1,
      3.5
    ],
    "current_odds": [
      2.2,
      3.1,
      3.5,
      2.25,
      3.1,
      3.4
    ],
    "initial_probabilities": [
      0.4277,
      0.3035,
      0.2688
    ],
    "current_probabilities": [
      0.4277,
      0.3035,
      0.2688,
      0.4188,
      0.304,
      0.2772
    ],
    "initial_return_rate": 0.9409000000000001,
    "current_return_rate": 0.9409000000000001,
    "initial_kelly": [
      0.91,
      0.94,
      1.0
    ],
    "current_kelly": [
      0.91,
      0.94,
      1.0,
      0.93,
      0.94,
      0.97
    ]
  },
  "Interwetten": {
    "initial_odds": [
      2.05,
      3.05,
      3.9
    ],
    "current_odds": [
      2.05,
      3.05,
      3.9,
      2.25,
      3.05,
      3.3
    ],
    "initial_probabilities": [
      0.455,
      0.30579999999999996,
      0.23920000000000002
    ],
    "current_probabilities": [
      0.455,
      0.30579999999999996,
      0.23920000000000002,
      0.4133,
      0.3049,
      0.2818
    ],
    "initial_return_rate": 0.9328,
    "current_return_rate": 0.9328,
    "initial_kelly": [
      0.84,
      0.92,
      1.11
    ],
    "current_kelly": [
      0.84,
      0.92,
      1.11,
      0.93,
      0.92,
      0.94
    ]
  },
  "SNAI": {
    "initial_odds": [
      2.15,
      3.05,
      3.45
    ],
    "current_odds": [
      2.15,
      3.05,
      3.45,
      2.2,
      3.1,
      3.3
    ],
    "initial_probabilities": [
      0.42950000000000005,
      0.3028,
      0.2677
    ],
    "current_probabilities": [
      0.42950000000000005,
      0.3028,
      0.2677,
      0.4208,
      0.2986,
      0.2805
    ],
    "initial_return_rate": 0.9235,
    "current_return_rate": 0.9235,
    "initial_kelly": [
      0.88,
      0.92,
      0.99
    ],
    "current_kelly": [
      0.88,
      0.92,
      0.99,
      0.91,
      0.94,
      0.94
    ]
  },
  "皇冠": {
    "initial_odds": [
      2.21,
      3.2,
      3.5
    ],
    "current_odds": [
      2.21,
      3.2,
      3.5,
      2.31,
      3.1,
      3.35
    ],
    "initial_probabilities": [
      0.4307,
      0.2974,
      0.27190000000000003
    ],
    "current_probabilities": [
      0.4307,
      0.2974,
      0.27190000000000003,
      0.4107,
      0.3061,
      0.2832
    ],
    "initial_return_rate": 0.9517,
    "current_return_rate": 0.9517,
    "initial_kelly": [
      0.91,
      0.97,
      1.0
    ],
    "current_kelly": [
      0.91,
      0.97,
      1.0,
      0.95,
      0.94,
      0.96
    ]
  },
  "易胜博": {
    "initial_odds": [
      2.3,
      3.1,
      3.3
    ],
    "current_odds": [
      2.3,
      3.1,
      3.3,
      2.25,
      3.1,
      3.4
    ],
    "initial_probabilities": [
      0.41,
      0.3042,
      0.2858
    ],
    "current_probabilities": [
      0.41,
      0.3042,
      0.2858,
      0.4188,
      0.304,
      0.2772
    ],
    "initial_return_rate": 0.943,
    "current_return_rate": 0.943,
    "initial_kelly": [
      0.95,
      0.94,
      0.94
    ],
    "current_kelly": [
      0.95,
      0.94,
      0.94,
      0.93,
      0.94,
      0.97
    ]
  },
  "伟德": {
    "initial_odds": [
      2.2,
      3.0,
      3.5
    ],
    "current_odds": [
      2.2,
      3.0,
      3.5,
      2.3,
      3.12,
      3.3
    ],
    "initial_probabilities": [
      0.42340000000000005,
      0.3105,
      0.2661
    ],
    "current_probabilities": [
      0.42340000000000005,
      0.3105,
      0.2661,
      0.4108,
      0.3028,
      0.2863
    ],
    "initial_return_rate": 0.9315000000000001,
    "current_return_rate": 0.9315000000000001,
    "initial_kelly": [
      0.91,
      0.91,
      1.0
    ],
    "current_kelly": [
      0.91,
      0.91,
      1.0,
      0.95,
      0.94,
      0.94
    ]
  },
  "Bwin": {
    "initial_odds": [
      2.2,
      3.1,
      3.4
    ],
    "current_odds": [
      2.2,
      3.1,
      3.4,
      2.25,
      3.1,
      3.2
    ],
    "initial_probabilities": [
      0.4243,
      0.3011,
      0.2746
    ],
    "current_probabilities": [
      0.4243,
      0.3011,
      0.2746,
      0.4117,
      0.2988,
      0.2895
    ],
    "initial_return_rate": 0.9335,
    "current_return_rate": 0.9335,
    "initial_kelly": [
      0.91,
      0.94,
      0.97
    ],
    "current_kelly": [
      0.91,
      0.94,
      0.97,
      0.93,
      0.94,
      0.91
    ]
  },
  "Pinnacle平博": {
    "initial_odds": [
      2.07,
      3.07,
      3.97
    ],
    "current_odds": [
      2.07,
      3.07,
      3.97,
      2.25,
      3.25,
      3.37
    ],
    "initial_probabilities": [
      0.45539999999999997,
      0.3071,
      0.2375
    ],
    "current_probabilities": [
      0.45539999999999997,
      0.3071,
      0.2375,
      0.42369999999999997,
      0.2934,
      0.2829
    ],
    "initial_return_rate": 0.9428,
    "current_return_rate": 0.9428,