{
  "竞彩官方": {
    "initial_odds": [
      4.82,
      3.37,
      1.6
    ],
    "current_odds": [
      4.82,
      3.37,
      1.6,
      5.5,
      3.4,
      1.53
    ],
    "initial_probabilities": [
      0.1837,
      0.26280000000000003,
      0.5535
    ],
    "current_probabilities": [
      0.1837,
      0.26280000000000003,
      0.5535,
      0.161,
      0.26039999999999996,
      0.5786
    ],
    "initial_return_rate": 0.8856,
    "current_return_rate": 0.8856,
    "initial_kelly": [
      0.8,
      0.91,
      0.9
    ],
    "current_kelly": [
      0.8,
      0.91,
      0.9,
      0.91,
      0.92,
      0.86
    ]
  },
  "威廉希尔": {
    "initial_odds": [
      3.8,
      3.1,
      2.0
    ],
    "current_odds": [
      3.8,
      3.1,
      2.0,
      5.0,
      3.3,
      1.65
    ],
    "initial_probabilities": [
      0.24239999999999998,
      0.29710000000000003,
      0.46049999999999996
    ],
    "current_probabilities": [
      0.24239999999999998,
      0.29710000000000003,
      0.46049999999999996,
      0.18030000000000002,
      0.2732,
      0.5464
    ],
    "initial_return_rate": 0.9209999999999999,
    "current_return_rate": 0.9209999999999999,
    "initial_kelly": [
      0.63,
      0.84,
      1.13
    ],
    "current_kelly": [
      0.63,
      0.84,
      1.13,
      0.83,
      0.89,
      0.93
    ]
  },
  "澳门": {
    "initial_odds": [
      4.2,
      3.21,
      1.78
    ],
    "current_odds": [
      4.2,
      3.21,
      1.78,
      5.8,
      3.4,
      1.55
    ],
    "initial_probabilities": [
      0.21420000000000003,
      0.2803,
      0.5055
    ],
    "current_probabilities": [
      0.21420000000000003,
      0.2803,
      0.5055,
      0.1551,
      0.2646,
      0.5803
    ],
    "initial_return_rate": 0.8998,
    "current_return_rate": 0.8998,
    "initial_kelly": [
      0.69,
      0.87,
      1.0
    ],
    "current_kelly": [
      0.69,
      0.87,
      1.0,
      0.96,
      0.92,
      0.87
    ]
  },
  "立博": {
    "initial_odds": [
      4.0,
      3.5,
      1.85
    ],
    "current_odds": [
      4.0,
      3.5,
      1.85,
      6.0,
      3.5,
      1.65
    ],
    "initial_probabilities": [
      0.2323,
      0.2655,
      0.5022
    ],
    "current_probabilities": [
      0.2323,
      0.2655,
      0.5022,
      0.1575,
      0.2699,
      0.5726
    ],
    "initial_return_rate": 0.9290999999999999,
    "current_return_rate": 0.9290999999999999,
    "initial_kelly": [
      0.66,
      0.95,
      1.04
    ],
    "current_kelly": [
      0.66,
      0.95,
      1.04,
      0.99,
      0.95,
      0.93
    ]
  },
  "Bet365": {
    "initial_odds": [
      4.5,
      3.5,
      1.8
    ],
    "current_odds": [
      4.5,
      3.5,
      1.8,
      6.25,
      3.5,
      1.65
    ],
    "initial_probabilities": [
      0.209,
      0.2687,
      0.5224
    ],
    "current_probabilities": [
      0.209,
      0.2687,
      0.5224,
      0.1521,
      0.2716,
      0.5761999999999999
    ],
    "initial_return_rate": 0.9403,
    "current_return_rate": 0.9403,
    "initial_kelly": [
      0.74,
      0.95,
      1.02
    ],
    "current_kelly": [
      0.74,
      0.95,
      1.02,
      1.03,
      0.95,
      0.93
    ]
  },
  "Interwetten": {
    "initial_odds": [
      3.95,
      3.4,
      1.97
    ],
    "current_odds": [
      3.95,
      3.4,
      1.97,
      6.5,
      3.4,
      1.65
    ],
    "initial_probabilities": [
      0.24,
      0.2788,
      0.48119999999999996
    ],
    "current_probabilities": [
      0.24,
      0.2788,
      0.48119999999999996,
      0.146,
      0.27899999999999997,
      0.575
    ],
    "initial_return_rate": 0.948,
    "current_return_rate": 0.948,
    "initial_kelly": [
      0.65,
      0.92,
      1.11
    ],
    "current_kelly": [
      0.65,
      0.92,
      1.11,
      1.07,
      0.92,
      0.93
    ]
  },
  "SNAI": {
    "initial_odds": [
      4.25,
      3.5,
      1.85
    ],
    "current_odds": [
      4.25,
      3.5,
      1.85,
      6.0,
      3.5,
      1.65
    ],
    "initial_probabilities": [
      0.2217,
      0.2691,
      0.5092
    ],
    "current_probabilities": [
      0.2217,
      0.2691,
      0.5092,
      0.1575,
      0.2699,
      0.5726
    ],
    "initial_return_rate": 0.9420000000000001,
    "current_return_rate": 0.9420000000000001,
    "initial_kelly": [
      0.7,
      0.95,
      1.04
    ],
    "current_kelly": [
      0.7,
      0.95,
      1.04,
      0.99,
      0.95,
      0.93
    ]
  },
  "皇冠": {
    "initial_odds": [
      3.95,
      3.55,
      1.97
    ],
    "current_odds": [
      3.95,
      3.55,
      1.97,
      6.3,
      3.5,
      1.67
    ],
    "initial_probabilities": [
      0.2429,
      0.2702,
      0.4869
    ],
    "current_probabilities": [
      0.2429,
      0.2702,
      0.4869,
      0.1522,
      0.27390000000000003,
      0.574
    ],
    "initial_return_rate": 0.9593,
    "current_return_rate": 0.9593,
    "initial_kelly": [
      0.65,
      0.96,
      1.11
    ],
    "current_kelly": [
      0.65,
      0.96,
      1.11,
      1.04,
      0.95,
      0.94
    ]
  },
  "易胜博": {
    "initial_odds": [
      4.8,
      3.5,
      1.8
    ],
    "current_odds": [
      4.8,
      3.5,
      1.8,
      6.3,
      3.5,
      1.67
    ],
    "initial_probabilities": [
      0.1985,
      0.2722,
      0.5293
    ],
    "current_probabilities": [
      0.1985,
      0.2722,
      0.5293,
      0.1522,
      0.27390000000000003,
      0.574
    ],
    "initial_return_rate": 0.9527,
    "current_return_rate": 0.9527,
    "initial_kelly": [
      0.79,
      0.95,
      1.02
    ],
    "current_kelly": [
      0.79,
      0.95,
      1.02,
      1.04,
      0.95,
      0.94
    ]
  },
  "伟德": {
    "initial_odds": [
      4.2,
      3.25,
      1.75
    ],
    "current_odds": [
      4.2,
      3.25,
      1.75,
      5.25,
      3.3,
      1.6
    ],
    "initial_probabilities": [
      0.21309999999999998,
      0.2754,
      0.5115
    ],
    "current_probabilities": [
      0.21309999999999998,
      0.2754,
      0.5115,
      0.1703,
      0.2709,
      0.5588000000000001
    ],
    "initial_return_rate": 0.8951,
    "current_return_rate": 0.8951,
    "initial_kelly": [
      0.69,
      0.88,
      0.99
    ],
    "current_kelly": [
      0.69,
      0.88,
      0.99,
      0.87,
      0.89,
      0.9
    ]
  },
  "Bwin": {
    "initial_odds": [
      4.0,
      3.4,
      1.83
    ],
    "current_odds": [
      4.0,
      3.4,
      1.83,
      5.75,
      3.4,
      1.62
    ],
    "initial_probabilities": [
      0.22920000000000001,
      0.2697,
      0.5011
    ],
    "current_probabilities": [
      0.22920000000000001,
      0.2697,
      0.5011,
      0.1602,
      0.271,
      0.5688
    ],
    "initial_return_rate": 0.917,
    "current_return_rate": 0.917,
    "initial_kelly": [
      0.66,
      0.92,
      1.03
    ],
    "current_kelly": [
      0.66,
      0.92,
      1.03,
      0.95,
      0.92,
      0.91
    ]
  },
  "Pinnacle平博": {
    "initial_odds": [
      4.01,
      3.35,
      1.94
    ],
    "current_odds": [
      4.01,
      3.35,
      1.94,
      6.2,
      3.56,
      1.68
    ],
    "initial_probabilities": [
      0.2345,
      0.2807,
      0.48479999999999995
    ],
    "current_probabilities": [
      0.2345,
      0.2807,
      0.48479999999999995,
      0.1555,
      0.2708,
      0.5738
    ],