{
  "竞彩官方": {
    "initial_odds": [
      2.32,
      3.06,
      2.7
    ],
    "current_odds": [
      2.32,
      3.06,
      2.7,
      2.15,
      3.15,
      2.88
    ],
    "initial_probabilities": [
      0.3821,
      0.2897,
      0.3283
    ],
    "current_probabilities": [
      0.3821,
      0.2897,
      0.3283,
      0.4117,
      0.281,
      0.3073
    ],
    "initial_return_rate": 0.8864,
    "current_return_rate": 0.8864,
    "initial_kelly": [
      0.96,
      0.86,
      0.82
    ],
    "current_kelly": [
      0.96,
      0.86,
      0.82,
      0.89,
      0.89,
      0.88
    ]
  },
  "威廉希尔": {
    "initial_odds": [
      2.25,
      3.5,
      3.0
    ],
    "current_odds": [
      2.25,
      3.5,
      3.0,
      2.3,
      3.3,
      3.1
    ],
    "initial_probabilities": [
      0.4179,
      0.2687,
      0.3134
    ],
    "current_probabilities": [
      0.4179,
      0.2687,
      0.3134,
      0.41,
      0.2858,
      0.3042
    ],
    "initial_return_rate": 0.9403,
    "current_return_rate": 0.9403,
    "initial_kelly": [
      0.93,
      0.98,
      0.91
    ],
    "current_kelly": [
      0.93,
      0.98,
      0.91,
      0.95,
      0.93,
      0.94
    ]
  },
  "澳门": {
    "initial_odds": [
      2.12,
      3.35,
      2.99
    ],
    "current_odds": [
      2.12,
      3.35,
      2.99,
      2.26,
      3.25,
      2.83
    ],
    "initial_probabilities": [
      0.42700000000000005,
      0.2702,
      0.3028
    ],
    "current_probabilities": [
      0.42700000000000005,
      0.2702,
      0.3028,
      0.401,
      0.2788,
      0.32020000000000004
    ],
    "initial_return_rate": 0.9053,
    "current_return_rate": 0.9053,
    "initial_kelly": [
      0.88,
      0.94,
      0.91
    ],
    "current_kelly": [
      0.88,
      0.94,
      0.91,
      0.94,
      0.91,
      0.86
    ]
  },
  "立博": {
    "initial_odds": [
      2.2,
      3.4,
      3.1
    ],
    "current_odds": [
      2.2,
      3.4,
      3.1,
      2.3,
      3.3,
      3.0
    ],
    "initial_probabilities": [
      0.4243,
      0.2746,
      0.3011
    ],
    "current_probabilities": [
      0.4243,
      0.2746,
      0.3011,
      0.40590000000000004,
      0.2829,
      0.31120000000000003
    ],
    "initial_return_rate": 0.9335,
    "current_return_rate": 0.9335,
    "initial_kelly": [
      0.91,
      0.96,
      0.94
    ],
    "current_kelly": [
      0.91,
      0.96,
      0.94,
      0.95,
      0.93,
      0.91
    ]
  },
  "Bet365": {
    "initial_odds": [
      2.1,
      3.6,
      3.2
    ],
    "current_odds": [
      2.1,
      3.6,
      3.2,
      2.3,
      3.4,
      3.1
    ],
    "initial_probabilities": [
      0.4465,
      0.2605,
      0.293
    ],
    "current_probabilities": [
      0.4465,
      0.2605,
      0.293,
      0.41350000000000003,
      0.2797,
      0.3068
    ],
    "initial_return_rate": 0.9377,
    "current_return_rate": 0.9377,
    "initial_kelly": [
      0.87,
      1.01,
      0.98
    ],
    "current_kelly": [
      0.87,
      1.01,
      0.98,
      0.95,
      0.96,
      0.94
    ]
  },
  "Interwetten": {
    "initial_odds": [
      2.2,
      3.6,
      3.1
    ],
    "current_odds": [
      2.2,
      3.6,
      3.1,
      2.35,
      3.4,
      3.0
    ],
    "initial_probabilities": [
      0.43090000000000006,
      0.2633,
      0.30579999999999996
    ],
    "current_probabilities": [
      0.43090000000000006,
      0.2633,
      0.30579999999999996,
      0.40409999999999996,
      0.2793,
      0.3166
    ],
    "initial_return_rate": 0.948,
    "current_return_rate": 0.948,
    "initial_kelly": [
      0.91,
      1.01,
      0.94
    ],
    "current_kelly": [
      0.91,
      1.01,
      0.94,
      0.97,
      0.96,
      0.91
    ]
  },
  "SNAI": {
    "initial_odds": [
      2.15,
      3.5,
      3.2
    ],
    "current_odds": [
      2.15,
      3.5,
      3.2,
      2.25,
      3.35,
      3.1
    ],
    "initial_probabilities": [
      0.4374,
      0.2687,
      0.2939
    ],
    "current_probabilities": [
      0.4374,
      0.2687,
      0.2939,
      0.4171,
      0.2801,
      0.30269999999999997
    ],
    "initial_return_rate": 0.9404,
    "current_return_rate": 0.9404,
    "initial_kelly": [
      0.89,
      0.98,
      0.98
    ],
    "current_kelly": [
      0.89,
      0.98,
      0.98,
      0.93,
      0.94,
      0.94
    ]
  },
  "皇冠": {
    "initial_odds": [
      2.18,
      3.6,
      3.25
    ],
    "current_odds": [
      2.18,
      3.6,
      3.25,
      2.31,
      3.35,
      3.2
    ],
    "initial_probabilities": [
      0.4393,
      0.266,
      0.29469999999999996
    ],
    "current_probabilities": [
      0.4393,
      0.266,
      0.29469999999999996,
      0.4147,
      0.28600000000000003,
      0.2994
    ],
    "initial_return_rate": 0.9577,
    "current_return_rate": 0.9577,
    "initial_kelly": [
      0.9,
      1.01,
      0.99
    ],
    "current_kelly": [
      0.9,
      1.01,
      0.99,
      0.96,
      0.94,
      0.98
    ]
  },
  "易胜博": {
    "initial_odds": [
      2.27,
      3.5,
      3.1
    ],
    "current_odds": [
      2.27,
      3.5,
      3.1,
      2.3,
      3.4,
      3.1
    ],
    "initial_probabilities": [
      0.42,
      0.2724,
      0.30760000000000004
    ],
    "current_probabilities": [
      0.42,
      0.2724,
      0.30760000000000004,
      0.41350000000000003,
      0.2797,
      0.3068
    ],
    "initial_return_rate": 0.9534,
    "current_return_rate": 0.9534,
    "initial_kelly": [
      0.94,
      0.98,
      0.94
    ],
    "current_kelly": [
      0.94,
      0.98,
      0.94,
      0.95,
      0.96,
      0.94
    ]
  },
  "伟德": {
    "initial_odds": [
      2.15,
      3.5,
      3.1
    ],
    "current_odds": [
      2.15,
      3.5,
      3.1,
      2.3,
      3.4,
      3.1
    ],
    "initial_probabilities": [
      0.43329999999999996,
      0.2662,
      0.3005
    ],
    "current_probabilities": [
      0.43329999999999996,
      0.2662,
      0.3005,
      0.41350000000000003,
      0.2797,
      0.3068
    ],
    "initial_return_rate": 0.9316,
    "current_return_rate": 0.9316,
    "initial_kelly": [
      0.89,
      0.98,
      0.94
    ],
    "current_kelly": [
      0.89,
      0.98,
      0.94,
      0.95,
      0.96,
      0.94
    ]
  },
  "Bwin": {
    "initial_odds": [
      2.2,
      3.4,
      3.1
    ],
    "current_odds": [
      2.2,
      3.4,
      3.1,
      2.3,
      3.4,
      3.1
    ],
    "initial_probabilities": [
      0.4243,
      0.2746,
      0.3011
    ],
    "current_probabilities": [
      0.4243,
      0.2746,
      0.3011,
      0.41350000000000003,
      0.2797,
      0.3068
    ],
    "initial_return_rate": 0.9335,
    "current_return_rate": 0.9335,
    "initial_kelly": [
      0.91,
      0.96,
      0.94
    ],
    "current_kelly": [
      0.91,
      0.96,
      0.94,
      0.95,
      0.96,
      0.94
    ]
  },
  "Pinnacle平博": {
    "initial_odds": [
      2.23,
      3.44,
      3.1
    ],
    "current_odds": [
      2.23,
      3.44,
      3.1,
      2.33,
      3.46,
      3.22
    ],
    "initial_probabilities": [
      0.4224,
      0.2738,
      0.3038
    ],
    "current_probabilities": [
      0.4224,
      0.2738,
      0.3038,
      0.4172,
      0.2809,
      0.3019
    ],
    "initial_return_rate": 0.9419,
    "current_return_rate": 0.9419,