{
  "竞彩官方": {
    "initial_odds": [
      3.4,
      3.4,
      1.85
    ],
    "current_odds": [
      3.4,
      3.4,
      1.85,
      3.28,
      3.4,
      1.89
    ],
    "initial_probabilities": [
      0.2606,
      0.2606,
      0.4789
    ],
    "current_probabilities": [
      0.2606,
      0.2606,
      0.4789,
      0.2703,
      0.2607,
      0.469
    ],
    "initial_return_rate": 0.8859,
    "current_return_rate": 0.8859,
    "initial_kelly": [
      0.97,
      0.93,
      0.81
    ],
    "current_kelly": [
      0.97,
      0.93,
      0.81,
      0.94,
      0.93,
      0.83
    ]
  },
  "威廉希尔": {
    "initial_odds": [
      3.1,
      3.4,
      2.1
    ],
    "current_odds": [
      3.1,
      3.4,
      2.1,
      3.0,
      3.3,
      2.2
    ],
    "initial_probabilities": [
      0.2952,
      0.2691,
      0.4357
    ],
    "current_probabilities": [
      0.2952,
      0.2691,
      0.4357,
      0.3056,
      0.2778,
      0.4167
    ],
    "initial_return_rate": 0.915,
    "current_return_rate": 0.915,
    "initial_kelly": [
      0.89,
      0.93,
      0.92
    ],
    "current_kelly": [
      0.89,
      0.93,
      0.92,
      0.86,
      0.9,
      0.97
    ]
  },
  "澳门": {
    "initial_odds": [
      2.97,
      3.42,
      2.06
    ],
    "current_odds": [
      2.97,
      3.42,
      2.06,
      2.97,
      3.42,
      2.06
    ],
    "initial_probabilities": [
      0.30210000000000004,
      0.2623,
      0.43560000000000004
    ],
    "current_probabilities": [
      0.30210000000000004,
      0.2623,
      0.43560000000000004,
      0.30210000000000004,
      0.2623,
      0.43560000000000004
    ],
    "initial_return_rate": 0.8972,
    "current_return_rate": 0.8972,
    "initial_kelly": [
      0.85,
      0.94,
      0.91
    ],
    "current_kelly": [
      0.85,
      0.94,
      0.91,
      0.85,
      0.94,
      0.91
    ]
  },
  "立博": {
    "initial_odds": [
      3.1,
      3.6,
      2.15
    ],
    "current_odds": [
      3.1,
      3.6,
      2.15,
      3.25,
      3.5,
      2.15
    ],
    "initial_probabilities": [
      0.3028,
      0.2607,
      0.4365
    ],
    "current_probabilities": [
      0.3028,
      0.2607,
      0.4365,
      0.2907,
      0.2699,
      0.43939999999999996
    ],
    "initial_return_rate": 0.9384999999999999,
    "current_return_rate": 0.9384999999999999,
    "initial_kelly": [
      0.89,
      0.99,
      0.95
    ],
    "current_kelly": [
      0.89,
      0.99,
      0.95,
      0.93,
      0.96,
      0.95
    ]
  },
  "Bet365": {
    "initial_odds": [
      3.5,
      3.4,
      2.0
    ],
    "current_odds": [
      3.5,
      3.4,
      2.0,
      3.5,
      3.4,
      2.1
    ],
    "initial_probabilities": [
      0.2646,
      0.2724,
      0.46299999999999997
    ],
    "current_probabilities": [
      0.2646,
      0.2724,
      0.46299999999999997,
      0.2706,
      0.2785,
      0.4509
    ],
    "initial_return_rate": 0.9261,
    "current_return_rate": 0.9261,
    "initial_kelly": [
      1.0,
      0.93,
      0.88
    ],
    "current_kelly": [
      1.0,
      0.93,
      0.88,
      1.0,
      0.93,
      0.92
    ]
  },
  "Interwetten": {
    "initial_odds": [
      2.9,
      3.45,
      2.4
    ],
    "current_odds": [
      2.9,
      3.45,
      2.4,
      3.25,
      3.45,
      2.2
    ],
    "initial_probabilities": [
      0.32799999999999996,
      0.2757,
      0.39630000000000004
    ],
    "current_probabilities": [
      0.32799999999999996,
      0.2757,
      0.39630000000000004,
      0.2925,
      0.2755,
      0.43200000000000005
    ],
    "initial_return_rate": 0.9512,
    "current_return_rate": 0.9512,
    "initial_kelly": [
      0.83,
      0.95,
      1.06
    ],
    "current_kelly": [
      0.83,
      0.95,
      1.06,
      0.93,
      0.95,
      0.97
    ]
  },
  "SNAI": {
    "initial_odds": [
      3.2,
      3.55,
      2.15
    ],
    "current_odds": [
      3.2,
      3.55,
      2.15,
      3.35,
      3.4,
      2.15
    ],
    "initial_probabilities": [
      0.295,
      0.2659,
      0.4391
    ],
    "current_probabilities": [
      0.295,
      0.2659,
      0.4391,
      0.2822,
      0.2781,
      0.4397
    ],
    "initial_return_rate": 0.9440000000000001,
    "current_return_rate": 0.9440000000000001,
    "initial_kelly": [
      0.92,
      0.97,
      0.95
    ],
    "current_kelly": [
      0.92,
      0.97,
      0.95,
      0.96,
      0.93,
      0.95
    ]
  },
  "皇冠": {
    "initial_odds": [
      3.25,
      3.65,
      2.17
    ],
    "current_odds": [
      3.25,
      3.65,
      2.17,
      3.5,
      3.4,
      2.12
    ],
    "initial_probabilities": [
      0.2952,
      0.26280000000000003,
      0.442
    ],
    "current_probabilities": [
      0.2952,
      0.26280000000000003,
      0.442,
      0.2717,
      0.2797,
      0.4486
    ],
    "initial_return_rate": 0.9592,
    "current_return_rate": 0.9592,
    "initial_kelly": [
      0.93,
      1.0,
      0.95
    ],
    "current_kelly": [
      0.93,
      1.0,
      0.95,
      1.0,
      0.93,
      0.93
    ]
  },
  "易胜博": {
    "initial_odds": [
      3.3,
      3.6,
      2.2
    ],
    "current_odds": [
      3.3,
      3.6,
      2.2,
      3.5,
      3.4,
      2.1
    ],
    "initial_probabilities": [
      0.2927,
      0.2683,
      0.439
    ],
    "current_probabilities": [
      0.2927,
      0.2683,
      0.439,
      0.2706,
      0.2785,
      0.4509
    ],
    "initial_return_rate": 0.9659,
    "current_return_rate": 0.9659,
    "initial_kelly": [
      0.94,
      0.99,
      0.97
    ],
    "current_kelly": [
      0.94,
      0.99,
      0.97,
      1.0,
      0.93,
      0.92
    ]
  },
  "伟德": {
    "initial_odds": [
      3.0,
      3.4,
      2.05
    ],
    "current_odds": [
      3.0,
      3.4,
      2.05,
      3.1,
      3.3,
      2.0
    ],
    "initial_probabilities": [
      0.2989,
      0.2637,
      0.4374
    ],
    "current_probabilities": [
      0.2989,
      0.2637,
      0.4374,
      0.2866,
      0.2692,
      0.44420000000000004
    ],
    "initial_return_rate": 0.8967,
    "current_return_rate": 0.8967,
    "initial_kelly": [
      0.86,
      0.93,
      0.9
    ],
    "current_kelly": [
      0.86,
      0.93,
      0.9,
      0.89,
      0.9,
      0.88
    ]
  },
  "Bwin": {
    "initial_odds": [
      3.0,
      3.5,
      2.1
    ],
    "current_odds": [
      3.0,
      3.5,
      2.1,
      3.2,
      3.4,
      2.1
    ],
    "initial_probabilities": [
      0.3043,
      0.2609,
      0.43479999999999996
    ],
    "current_probabilities": [
      0.3043,
      0.2609,
      0.43479999999999996,
      0.28859999999999997,
      0.2716,
      0.43979999999999997
    ],
    "initial_return_rate": 0.9129999999999999,
    "current_return_rate": 0.9129999999999999,
    "initial_kelly": [
      0.86,
      0.96,
      0.92
    ],
    "current_kelly": [
      0.86,
      0.96,
      0.92,
      0.92,
      0.93,
      0.92
    ]
  },
  "Pinnacle平博": {
    "initial_odds": [
      3.32,
      3.49,
      2.11
    ],
    "current_odds": [
      3.32,
      3.49,
      2.11,
      3.57,
      3.42,
      2.17
    ],
    "initial_probabilities": [
      0.2837,
      0.2699,
      0.4464
    ],
    "current_probabilities": [
      0.2837,
      0.2699,
      0.4464,
      0.2711,
      0.28300000000000003,
      0.446
    ],
    "initial_return_rate": 0.9419,