{
  "竞彩官方": {
    "initial_odds": [
      1.48,
      4.4,
      4.45
    ],
    "current_odds": [
      1.48,
      4.4,
      4.45,
      1.48,
      4.4,
      4.45
    ],
    "initial_probabilities": [
      0.5992000000000001,
      0.20149999999999998,
      0.1993
    ],
    "current_probabilities": [
      0.5992000000000001,
      0.20149999999999998,
      0.1993,
      0.5992000000000001,
      0.20149999999999998,
      0.1993
    ],
    "initial_return_rate": 0.8868,
    "current_return_rate": 0.8868,
    "initial_kelly": [
      0.86,
      0.93,
      0.93
    ],
    "current_kelly": [
      0.86,
      0.93,
      0.93,
      0.86,
      0.93,
      0.93
    ]
  },
  "威廉希尔": {
    "initial_odds": [
      1.53,
      4.6,
      5.5
    ],
    "current_odds": [
      1.53,
      4.6,
      5.5,
      1.65,
      4.4,
      4.5
    ],
    "initial_probabilities": [
      0.6208,
      0.2065,
      0.1727
    ],
    "current_probabilities": [
      0.6208,
      0.2065,
      0.1727,
      0.5742,
      0.21530000000000002,
      0.21050000000000002
    ],
    "initial_return_rate": 0.9498000000000001,
    "current_return_rate": 0.9498000000000001,
    "initial_kelly": [
      0.89,
      0.98,
      1.15
    ],
    "current_kelly": [
      0.89,
      0.98,
      1.15,
      0.96,
      0.93,
      0.94
    ]
  },
  "澳门": {
    "initial_odds": [
      1.57,
      4.45,
      4.15
    ],
    "current_odds": [
      1.57,
      4.45,
      4.15,
      1.57,
      4.45,
      4.15
    ],
    "initial_probabilities": [
      0.5777,
      0.20379999999999998,
      0.21850000000000003
    ],
    "current_probabilities": [
      0.5777,
      0.20379999999999998,
      0.21850000000000003,
      0.5777,
      0.20379999999999998,
      0.21850000000000003
    ],
    "initial_return_rate": 0.9068999999999999,
    "current_return_rate": 0.9068999999999999,
    "initial_kelly": [
      0.91,
      0.94,
      0.87
    ],
    "current_kelly": [
      0.91,
      0.94,
      0.87,
      0.91,
      0.94,
      0.87
    ]
  },
  "立博": {
    "initial_odds": [
      1.65,
      4.33,
      4.4
    ],
    "current_odds": [
      1.65,
      4.33,
      4.4,
      1.61,
      4.4,
      4.5
    ],
    "initial_probabilities": [
      0.5695,
      0.217,
      0.21350000000000002
    ],
    "current_probabilities": [
      0.5695,
      0.217,
      0.21350000000000002,
      0.5802,
      0.21230000000000002,
      0.2076
    ],
    "initial_return_rate": 0.9396,
    "current_return_rate": 0.9396,
    "initial_kelly": [
      0.96,
      0.92,
      0.92
    ],
    "current_kelly": [
      0.96,
      0.92,
      0.92,
      0.93,
      0.93,
      0.94
    ]
  },
  "Bet365": {
    "initial_odds": [
      1.66,
      4.5,
      4.2
    ],
    "current_odds": [
      1.66,
      4.5,
      4.2,
      1.65,
      4.5,
      4.5
    ],
    "initial_probabilities": [
      0.5669,
      0.2091,
      0.22399999999999998
    ],
    "current_probabilities": [
      0.5669,
      0.2091,
      0.22399999999999998,
      0.5769,
      0.2115,
      0.2115
    ],
    "initial_return_rate": 0.941,
    "current_return_rate": 0.941,
    "initial_kelly": [
      0.96,
      0.95,
      0.88
    ],
    "current_kelly": [
      0.96,
      0.95,
      0.88,
      0.96,
      0.95,
      0.94
    ]
  },
  "Interwetten": {
    "initial_odds": [
      1.57,
      4.6,
      5.0
    ],
    "current_odds": [
      1.57,
      4.6,
      5.0,
      1.67,
      4.4,
      4.4
    ],
    "initial_probabilities": [
      0.6041,
      0.20620000000000002,
      0.18969999999999998
    ],
    "current_probabilities": [
      0.6041,
      0.20620000000000002,
      0.18969999999999998,
      0.5685,
      0.2158,
      0.2158
    ],
    "initial_return_rate": 0.9484999999999999,
    "current_return_rate": 0.9484999999999999,
    "initial_kelly": [
      0.91,
      0.98,
      1.05
    ],
    "current_kelly": [
      0.91,
      0.98,
      1.05,
      0.97,
      0.93,
      0.92
    ]
  },
  "SNAI": {
    "initial_odds": [
      1.63,
      4.5,
      4.4
    ],
    "current_odds": [
      1.63,
      4.5,
      4.4,
      1.63,
      4.4,
      4.4
    ],
    "initial_probabilities": [
      0.5771000000000001,
      0.2091,
      0.2138
    ],
    "current_probabilities": [
      0.5771000000000001,
      0.2091,
      0.2138,
      0.5744,
      0.21280000000000002,
      0.21280000000000002
    ],
    "initial_return_rate": 0.9407,
    "current_return_rate": 0.9407,
    "initial_kelly": [
      0.94,
      0.95,
      0.92
    ],
    "current_kelly": [
      0.94,
      0.95,
      0.92,
      0.94,
      0.93,
      0.92
    ]
  },
  "皇冠": {
    "initial_odds": [
      1.67,
      4.7,
      4.35
    ],
    "current_odds": [
      1.67,
      4.7,
      4.35,
      1.65,
      4.7,
      4.55
    ],
    "initial_probabilities": [
      0.575,
      0.2043,
      0.2207
    ],
    "current_probabilities": [
      0.575,
      0.2043,
      0.2207,
      0.5835,
      0.20489999999999997,
      0.2116
    ],
    "initial_return_rate": 0.9601999999999999,
    "current_return_rate": 0.9601999999999999,
    "initial_kelly": [
      0.97,
      1.0,
      0.91
    ],
    "current_kelly": [
      0.97,
      1.0,
      0.91,
      0.96,
      1.0,
      0.95
    ]
  },
  "易胜博": {
    "initial_odds": [
      1.65,
      4.7,
      4.6
    ],
    "current_odds": [
      1.65,
      4.7,
      4.6,
      1.65,
      4.5,
      4.5
    ],
    "initial_probabilities": [
      0.5849,
      0.2053,
      0.20980000000000001
    ],
    "current_probabilities": [
      0.5849,
      0.2053,
      0.20980000000000001,
      0.5769,
      0.2115,
      0.2115
    ],
    "initial_return_rate": 0.965,
    "current_return_rate": 0.965,
    "initial_kelly": [
      0.96,
      1.0,
      0.96
    ],
    "current_kelly": [
      0.96,
      1.0,
      0.96,
      0.96,
      0.95,
      0.94
    ]
  },
  "伟德": {
    "initial_odds": [
      1.5,
      4.5,
      5.5
    ],
    "current_odds": [
      1.5,
      4.5,
      5.5,
      1.62,
      4.33,
      4.4
    ],
    "initial_probabilities": [
      0.6225999999999999,
      0.2075,
      0.1698
    ],
    "current_probabilities": [
      0.6225999999999999,
      0.2075,
      0.1698,
      0.5739,
      0.2147,
      0.2113
    ],
    "initial_return_rate": 0.934,
    "current_return_rate": 0.934,
    "initial_kelly": [
      0.87,
      0.95,
      1.15
    ],
    "current_kelly": [
      0.87,
      0.95,
      1.15,
      0.94,
      0.92,
      0.92
    ]
  },
  "Bwin": {
    "initial_odds": [
      1.66,
      4.33,
      4.4
    ],
    "current_odds": [
      1.66,
      4.33,
      4.4,
      1.63,
      4.5,
      4.6
    ],
    "initial_probabilities": [
      0.568,
      0.2177,
      0.2143
    ],
    "current_probabilities": [
      0.568,
      0.2177,
      0.2143,
      0.5826,
      0.21100000000000002,
      0.2064
    ],
    "initial_return_rate": 0.9428,
    "current_return_rate": 0.9428,
    "initial_kelly": [
      0.96,
      0.92,
      0.92
    ],
    "current_kelly": [
      0.96,
      0.92,
      0.92,
      0.94,
      0.95,
      0.96
    ]
  },
  "Pinnacle平博": {
    "initial_odds": [
      1.54,
      4.79,
      4.72
    ],
    "current_odds": [
      1.54,
      4.79,
      4.72,
      1.66,
      4.58,
      4.59
    ],
    "initial_probabilities": [
      0.6069,
      0.19510000000000002,
      0.198
    ],